PSTATABB,FIPSST,STNAMEPCAP,STHTIAN,STHTIOZ,STHTIANT,STHTIOZT,STNGENAN,STNGENOZ,STNOXAN,STNOXOZ,STSO2AN,STCO2AN,STCH4AN,STN2OAN,STCO2EQA,STHGAN,STNOXRTA,STNOXRTO,STSO2RTA,STCO2RTA,STCH4RTA,STN2ORTA,STC2ERTA,STHGRTA,STNOXRA,STNOXRO,STSO2RA,STCO2RA,STCH4RA,STN2ORA,STC2ERA,STHGRA,STNOXCRT,STNOXCRO,STSO2CRT,STCO2CRT,STCH4CRT,STN2OCRT,STHGCRT,STCNOXRT,STONOXRT,STGNOXRT,STFSNXRT,STCNXORT,STONXORT,STGNXORT,STFSNORT,STCSO2RT,STOSO2RT,STGSO2RT,STFSS2RT,STCCO2RT,STOCO2RT,STGCO2RT,STFSC2RT,STCCH4RT,STOCH4RT,STGCH4RT,STFCH4RT,STCN2ORT,STON2ORT,STGN2ORT,STFN2ORT,STCC2ERT,STOC2ERT,STGC2ERT,STFSC2ERT,STCHGRT,STFSHGRT,STCNOXR,STONOXR,STGNOXR,STFSNXR,STCNXOR,STONXOR,STGNXOR,STFSNOR,STCSO2R,STOSO2R,STGSO2R,STFSS2R,STCCO2R,STOCO2R,STGCO2R,STFSC2R,STCCH4R,STOCH4R,STGCH4R,STFCH4R,STCN2OR,STON2OR,STGN2OR,STFN2OR,STCC2ER,STOC2ER,STGC2ER,STFSC2ER,STCHGR,STFSHGR,STNBNOX,STNBNXO,STNBSO2,STNBCO2,STNBCH4,STNBN2O,STNBC2E,STNBHG,STGENACL,STGENAOL,STGENAGS,STGENANC,STGENAHY,STGENABM,STGENAWI,STGENASO,STGENAGT,STGENAOF,STGENAOP,STGENATN,STGENATR,STGENATH,STGENACY,STGENACN,STCLPR,STOLPR,STGSPR,STNCPR,STHYPR,STBMPR,STWIPR,STSOPR,STGTPR,STOFPR,STOPPR,STTNPR,STTRPR,STTHPR,STCYPR,STCNPR,STNBGNCL,STNBGNOL,STNBGNGS,STNBGNNC,STNBGNHY,STNBGNBM,STNBGNWI,STNBGNSO,STNBGNGT,STNBGNOF,STNBGNOP,STNBCLPR,STNBOLPR,STNBGSPR,STNBNCPR,STNBHYPR,STNBBMPR,STNBWIPR,STNBSOPR,STNBGTPR,STNBOFPR,STNBOPPR
AK,2,3471.2,40386706.45,16302311.74,56974540.45,23282904.74,6244300.149,2564103.15,18874.765,7774.113,3094.371,2833421.627,419478.856,58308.338,2847353.058,--,6.045,6.064,0.991,907.523,0.067,0.009,911.985,--,0.935,0.954,0.153,140.315,0.01,0.001,141.004,--,8.531,8.557,1.399,1280.625,0.095,0.013,--,2.484,18.352,7.228,8.586,2.538,19.708,7.171,8.702,5.954,2.817,0.028,1.405,2179.98,1577.023,1017.489,1289.986,0.246,0.254,0.019,0.096,0.036,0.037,0.002,0.013,2196.84,1594.294,1018.54,1296.33,--,--,0.241,1.916,0.83,0.944,0.247,2.005,0.837,0.963,0.579,0.294,0.003,0.154,211.84,164.639,116.89,141.806,0.024,0.026,0.002,0.01,0.003,7.657,0,0.001,213.478,166.442,117.011,142.503,--,--,9.03,9.162,1.264,1304.399,0.103,0.014,1311.272,--,628564.073,806220.119,2947902.055,0,1664225,45473.905,155015,0,0,0,-3100,4379586.247,1864713.905,200488.905,4425060.152,1819240,10.0612104,12.90489,47.1860611,0,26.638681,0.7278853,2.4812721,0,0,0,0,70.1025409,29.8478385,3.2091574,70.8304262,29.1199532,410985.6971,770162.9685,2045563.224,0,0,26747.64264,0,0,0,0,0,12.6322671,23.6721238,62.8734799,0,0,0.8221293,0,0,0,0,0
AL,1,38715.8,803815975.7,383420061.4,1321250109,611455873.4,143221259.2,65941498.23,26924.67,12280.042,16787.05,61869276.79,9035485.963,1323255.72,62179385.47,--,0.376,0.372,0.234,863.968,0.063,0.009,868.298,--,0.067,0.064,0.042,153.939,0.011,0.002,154.71,--,0.584,0.578,0.364,1341.222,0.098,0.014,--,1.017,36.197,0.18,0.571,1.017,36.247,0.157,0.555,0.571,3.436,0.058,0.298,1995.424,1934.766,846.989,1383.606,0.186,0.078,0.02,0.098,0.027,0.016,0.003,0.014,2008.096,1941.395,848.246,1390.197,--,--,0.096,3.056,0.025,0.065,0.094,3.056,0.022,0.062,0.054,0.29,0.008,0.034,188.75,163.326,116.57,157.038,0.018,0.007,0.003,0.011,0.003,2.646,0,0.002,189.949,163.885,116.743,157.786,--,--,0.648,0.611,0.421,1264.594,0.077,1.10E-02,1269.76,--,31266479.93,65703.542,57474724.41,39462827,11143139,3446379.028,0,357252,0,4803.665,-49,128274489.5,14946770.03,3803631.028,92258041.57,50963218,21.8308855,0.0458755,40.1300093,27.55374,7.7803639,2.4063312,0,0.2494405,0,3.35E-03,0,89.5638301,10.4361356,2.6557717,64.4164213,35.5835445,17457395.64,773,24665361.75,0,0,1159128.637,0,0,0,0,0,40.3334639,1.79E-03,56.9867062,0,0,2.678044,0,0,0,0,0
AR,5,19658.8,464166263,222119307.6,626495146,291471066.6,67999351.64,31399080.78,23375.902,11309.204,54506.421,41184878.9,7744387.535,1132979.1,41450497.62,--,0.688,0.72,1.603,1211.332,0.114,0.017,1219.144,--,0.101,0.102,0.235,177.457,0.017,0.002,178.602,--,0.899,0.942,2.095,1583.239,0.149,0.022,--,1.366,0,0.189,0.891,1.421,0,0.228,0.917,3.449,0,0.005,2.058,2174.99,0,830.623,1632.164,0.243,0,0.016,0.151,0.035,0,0.002,0.022,2191.578,0,831.514,1642.414,--,--,0.131,0,0.027,0.099,0.135,0,0.032,0.1,0.331,0,0.001,0.228,208.935,0,118.847,180.777,0.023,0,0.002,0.017,0.003,0,0,0.002,210.529,0,118.975,181.912,--,--,0.797,0.806,1.764,1323.63,0.104,1.50E-02,1330.733,--,29996100.57,35517.118,20623704.69,12720818,3049020,1365690.705,0,203413,0,5087.399,0,63381227.77,4618123.705,1569103.705,52026100.48,15973251,44.1123333,0.0522316,30.3292667,18.7072637,4.4838957,2.0083878,0,0.2991396,0,7.48E-03,0,93.2085768,6.7914232,2.3075275,76.509701,23.490299,8039098.938,0,13304541.27,0,0,800811.7029,0,0,0,0,0,36.3029935,0,60.080698,0,0,3.6163085,0,0,0,0,0
AZ,4,40198.4,654785774.9,330763897.4,1095289800,530704055.4,111639090,54507292.07,35721.472,17481.754,16552.973,53979981.05,8608809.219,1226121.338,54270283.25,--,0.64,0.641,0.297,967.044,0.077,0.011,972.245,--,0.109,0.106,0.051,164.878,0.013,0.002,165.765,--,1.052,1.055,0.488,1590.019,0.127,0.018,--,1.851,28.068,0.399,1.047,1.919,28.4,0.423,1.008,1.075,13.878,0.015,0.488,2323.051,4584.231,1008.183,1594.527,0.255,0.186,0.018,0.124,0.037,0.037,0.002,0.018,2340.513,4599.946,1009.241,1602.9,--,--,0.165,1,0.048,0.109,0.169,1.003,0.05,0.105,0.096,0.494,0.002,0.051,207.169,163.326,120.94,165.764,0.023,0.007,0.002,0.013,0.003,2.646,0,0.002,208.726,163.886,121.067,166.635,--,--,0.884,0.857,0.363,1439.098,0.096,0.014,1445.519,--,30744622.8,49945.918,36887015.66,31097259,6977716,219494.51,530190,5135382.03,0,0,-2536,98776307.38,12862782.54,5885066.54,67898542.89,43740547.03,27.5386734,0.0447377,33.0405576,27.8545379,6.2501025,0.1966063,0.4749035,4.5998811,0,0,0,88.4762351,11.5214934,5.2713909,60.8183035,39.1794249,13011009.65,147,27518354.41,0,0,16620.3948,0,0,0,0,0,32.0893984,3.63E-04,67.8692478,0,0,0.0409913,0,0,0,0,0
CA,6,107911.7,750125615.5,340436523,1662719097,808690465,195212859.6,94288173.5,36813.254,15921.137,3489.275,41032693.19,5211086.999,637904.358,41192731.56,--,0.377,0.338,0.036,420.389,0.027,0.003,422.029,--,0.098,0.094,0.009,109.402,0.007,0.001,109.829,--,0.75,0.672,0.071,836.174,0.053,0.006,--,1.198,8.454,0.623,0.619,1.241,8.748,0.602,0.602,0.002,0.59,0.008,0.009,1148.578,1934.834,857.489,857.588,0.129,0.017,0.016,0.017,0.019,0.003,0.002,0.002,1157.405,1936.241,858.385,858.505,--,--,0.215,0.859,0.085,0.085,0.217,0.871,0.081,0.081,0,0.06,0.001,0.001,206.001,196.608,117.582,117.955,0.023,0.002,0.002,0.002,0.003,0.666,0,0,207.584,196.751,117.705,118.081,--,--,0.685,0.639,0.022,871.488,0.04,0.005,873.871,--,281328.14,68101.16,89590174.86,18213519,26182092.56,6086864.627,14023950.8,26972511,11676841,1453960.386,663516.11,110270599.7,84942259.99,58760167.43,98143945.28,97068914.36,0.1441135,0.0348856,45.8935825,9.3300815,13.4120737,3.1180654,7.1839278,13.8169745,5.9815942,0.7448077,0.3398936,56.4873645,43.5126355,30.1005618,50.2753484,49.7246516,128051.0095,98305.2173,52679471.77,0,0,1914588.44,0,0,0,462649.3272,0,0.2316279,0.1778216,95.2904312,0,0,3.4632458,0,0,0,0.8368735,0
CO,8,20535.2,422528792.4,189764077.8,538256584.4,235813076.8,55375731.38,24224579.4,19738.783,8795.325,11442.821,37726616.39,7195784.451,1031894.452,37970315.97,--,0.713,0.726,0.413,1362.569,0.13,0.019,1371.37,--,0.093,0.093,0.054,178.575,0.017,0.002,179.729,--,0.918,0.935,0.532,1754.5,0.167,0.024,--,1.281,26.258,0.307,0.916,1.303,17.664,0.311,0.91,0.851,11.99,0.005,0.534,2220.381,3983.687,1004.44,1763.68,0.255,0.161,0.018,0.166,0.037,0.032,0.002,0.024,2237.822,3997.335,1005.431,1774.941,--,--,0.12,1.077,0.036,0.093,0.122,1.066,0.036,0.092,0.08,0.492,0.001,0.054,208.357,163.326,118.808,179.418,0.024,0.007,0.002,0.017,0.003,2.646,0,0.002,209.993,163.885,118.925,180.564,--,--,0.801,0.794,0.359,1534.144,0.12,0.017,1542.179,--,26382060.06,11858.446,16387916.48,0,1562647,164427.339,9745150,1062380.23,0,0,59292,42841126.98,12534604.57,10971957.57,43005554.32,12370177.23,47.641917,0.0214145,29.5940406,0,2.8218986,0.2969303,17.5982325,1.9184943,0,0,0.1070722,77.3644443,22.6355557,19.8136571,77.6613746,22.3386254,9070076.796,3685,11952434.85,0,0,40124.45604,0,0,0,0,0,43.0548683,0.0174924,56.7371721,0,0,0.1904673,0,0,0,0,0
CT,9,12773,172661212.3,75679416.97,355289233.3,156160107,39453552.52,17307979.24,5325.09,2199.653,985.39,9988991.679,1954968.279,249457.348,10050464.43,--,0.27,0.254,0.05,506.367,0.05,0.006,509.483,--,0.062,0.058,0.011,115.706,0.011,0.001,116.418,--,0.486,0.458,0.09,912.428,0.089,0.011,--,1.537,4.761,0.238,0.287,2.443,3.974,0.234,0.256,2.1,3.565,0.019,0.074,2363.386,2475.467,843.032,877.728,0.294,0.08,0.016,0.021,0.043,0.015,0.002,0.002,2383.538,2481.982,843.896,878.938,--,--,0.136,0.295,0.033,0.039,0.15,0.226,0.032,0.035,0.186,0.221,0.003,0.01,209.734,153.267,117.585,120.373,0.026,0.005,0.002,0.003,0.004,1.878,0,0,211.522,153.67,117.705,120.539,--,--,0.678,0.569,0.231,1016.741,0.095,0.012,1022.815,--,329700.82,338957.301,20006457.56,16881492,558790.17,1220303.727,12295,105555,0,0,0,37556607.68,1896943.897,1338153.727,21895419.41,17558132.17,0.8356683,0.85913,50.7088887,42.7882696,1.4163241,3.0930136,0.0311632,0.2675425,0,0,0,95.1919566,4.8080434,3.3917193,55.4967006,44.5032994,332995,129221.997,5960475.77,0,0,339897.2022,0,0,0,0,0,4.924075,1.9108359,88.1389497,0,0,5.0261394,0,0,0,0,0
DC,11,42.8,716925.577,328115.084,716925.577,328115.084,74889.001,30174.999,157.982,69.068,1.865,16433.431,1633.441,163.345,16478.186,--,4.219,4.578,0.05,438.874,0.022,0.002,440.07,--,0.441,0.421,0.005,45.844,0.002,0,45.969,--,4.219,4.578,0.05,438.874,0.022,0.002,--,0,0,4.813,4.813,0,0,6.192,6.192,0,0,0.049,0.049,0,0,1793.26,1793.26,0,0,0.034,0.034,0,0,0.003,0.003,0,0,1795.113,1795.113,--,--,0,0,0.314,0.314,0,0,0.314,0.314,0,0,0.003,0.003,0,0,116.889,116.889,0,0,0.002,0.002,0,0,0,0,0,0,117.01,117.01,--,--,4.234,4.622,0.05,472.952,0.022,0.002,474.164,--,0,0,18328,0,0,56561,0,0,0,0,0,18328,56561,56561,74889,0,0,0,24.4735542,0,0,75.5264458,0,0,0,0,0,24.4735542,75.5264458,75.5264458,100,0,0,0,18328,0,0,51165.03916,0,0,0,0,0,0,0,26.3738645,0,0,73.6261355,0,0,0,0,0
DE,10,4014.7,46636127.28,22843239.07,47137581.28,23069095.07,6240644.191,2960720.19,1391.204,656.272,689.932,2802853.67,213194.475,27378.067,2809493.067,--,0.446,0.443,0.221,898.258,0.034,0.004,900.386,--,0.06,0.057,0.03,120.201,0.005,0.001,120.486,--,0.45,0.447,0.223,906.244,0.034,0.004,--,0.987,0.423,0.098,0.345,0.911,0.365,0.153,0.361,3.183,0.147,0.004,0.266,2247.166,1067.721,749.136,1025.097,0.376,0.022,0.017,0.04,0.055,0.003,0.002,0.005,2272.934,1069.007,749.955,1027.577,--,--,0.09,0.048,0.014,0.041,0.086,0.041,0.02,0.041,0.29,0.017,0.001,0.032,205.021,121.432,103.1,122.092,0.034,0.002,0.002,0.005,0.005,0.57,0,0.001,207.372,121.579,103.213,122.388,--,--,0.487,0.474,0.28,987.016,0.04,0.005,989.557,--,273388.13,200823.91,5400154.917,0,0,59101,5207,49788.71,0,252180.27,0,6126547.227,114096.71,114096.71,6185648.227,54995.71,4.380768,3.2179998,86.5320145,0,0,0.9470337,0.0834369,0.7978137,0,4.0409335,0,98.1717158,1.8282842,1.8282842,99.1187494,0.8812506,279740,2782431.562,993396.6225,0,0,30369.30152,0,0,0,0,0,6.8464092,68.0977517,24.3125752,0,0,0.743264,0,0,0,0,0
FL,12,105450.1,1713314536,822509693.7,2055804587,961633112.7,243456187.4,113523349.9,44327.513,21452.776,33791.034,114827502.5,16505169.57,2220650.933,115364694.1,--,0.364,0.378,0.278,943.311,0.068,0.009,947.724,--,0.052,0.052,0.039,134.041,0.01,0.001,134.668,--,0.419,0.435,0.32,1085.754,0.078,0.01,--,0.798,2.337,0.216,0.337,0.861,2.835,0.227,0.352,1.345,0.996,0.031,0.302,2003.453,1154.467,869.773,1102.776,0.191,0.068,0.017,0.053,0.028,0.012,0.002,0.007,2016.516,1159.861,870.745,1106.235,--,--,0.076,0.269,0.03,0.042,0.078,0.194,0.031,0.043,0.128,0.115,0.004,0.038,189.873,132.758,119.368,138.58,0.018,0.008,0.002,0.007,0.003,2.851,0,0.001,191.111,133.378,119.502,139.014,--,--,0.42,0.436,0.366,1136.321,0.071,0.01,1140.927,--,30249684.8,2071272.004,171122438.2,29312349,232574,6581993.901,0,2394592.98,0,34036.518,1457245.097,234247025.6,9209160.881,8976586.881,211516670.5,31939515.98,12.4251042,0.8507781,70.2888025,12.0400921,0.0955301,2.703564,0,0.9835827,0,0.0139806,0.5985656,96.2173231,3.7826769,3.6871468,86.8807951,13.1192049,32144480.35,59020,108063323.8,0,0,2435148.325,0,0,0,0,0,22.5256034,0.0413589,75.7265803,0,0,1.7064574,0,0,0,0,0
GA,13,52506.8,777681893.9,379076436,1188814983,550162043.1,129232893.3,58411024.47,28765.293,8404.574,19639.371,59863745.89,10200652.31,1490728.617,60213372.61,--,0.445,0.288,0.304,926.448,0.079,0.012,931.858,--,0.074,0.044,0.051,153.954,0.013,0.002,154.853,--,0.642,0.415,0.438,1335.22,0.114,0.017,--,1.402,2.706,0.114,0.614,0.698,1.822,0.144,0.361,0.855,1.708,0.006,0.335,2281.924,1335.036,883.234,1419.696,0.251,0.06,0.017,0.106,0.037,0.01,0.002,0.015,2299.083,1339.673,884.151,1426.838,--,--,0.127,0.402,0.015,0.07,0.064,0.307,0.018,0.039,0.078,0.254,0.001,0.038,207.324,198.22,119.047,161.515,0.023,0.009,0.002,0.012,0.003,3.115,0,0.002,208.883,198.908,119.171,162.328,--,--,0.858,0.543,0.567,1584.457,0.141,0.02,1.59E+03,--,32180554.5,435733.914,51969437.21,34362676,3208114,4997242.142,0,1993346,0,79624.316,6164.592,119034190.5,10198702.14,6990588.142,89668756.68,39564136,24.9012104,0.3371695,40.2137847,26.589729,2.4824284,3.86685,0,1.5424448,0,0.061613,4.77E-03,92.1082768,7.8917232,5.4092948,69.3853978,30.6146022,19088818.27,238651.699,17847091.67,0,0,1867348.282,0,0,0,0,0,48.8931467,0.6112706,45.7126501,0,0,4.7829327,0,0,0,0,0
HI,15,3618.7,92425415.08,39392032.61,101480690.1,43076550.61,9796772.998,4226953.066,22875.103,10220.779,33645.97,7412844.573,1589628.309,243381.827,7468974.166,--,4.67,4.836,6.869,1513.324,0.162,0.025,1524.783,--,0.495,0.519,0.728,160.407,0.017,0.003,161.622,--,5.197,5.382,7.644,1684.038,0.181,0.028,--,0.986,6.064,0,5.232,2.361,5.983,0,5.414,10.58,7.594,0,8.083,2338.064,1616.234,0,1734.483,0.271,0.095,0,0.124,0.039,0.017,0,0.02,2356.536,1623.597,0,1743.665,--,--,0.09,0.613,0,0.52,0.217,0.609,0,0.541,0.966,0.768,0,0.803,213.378,163.395,0,172.308,0.025,0.01,0,0.012,0.004,3.389,0,0.002,215.063,164.139,0,173.22,--,--,6.369,6.337,7.421,1640.312,0.153,0.024,1651.411,--,1311203,6748947.181,0,0,96520,498867.981,601934,184576.12,110089,55721.626,188914.03,8304785.837,1491987.101,1395467.101,8803653.818,993119.12,13.3840297,68.8894927,0,0,0.9852224,5.0921664,6.1442069,1.8840502,1.1237272,0.5687753,1.9283292,84.7706269,15.2293731,14.2441507,89.8627933,10.1372067,119342.8323,4242707.306,0,0,0,313549.6524,0,0,0,0,0,2.5524604,90.7414556,0,0,0,6.7060841,0,0,0,0,0
IA,19,25145.5,348491278.2,163641869.7,602502101.2,250898114.7,63191960.4,26331933.8,23707.614,10443.946,34518.109,33804670.75,6918198.514,1001067.912,34040307.36,--,0.75,0.793,1.092,1069.904,0.109,0.016,1077.362,--,0.136,0.128,0.198,194.006,0.02,0.003,195.358,--,1.315,1.39,1.915,1875.358,0.192,0.028,--,1.55,2.806,0.191,1.306,1.478,2.095,0.2,1.217,2.365,0.687,0.008,1.921,2098.035,1073.395,959.654,1882.62,0.233,0.048,0.018,0.193,0.034,0.008,0.002,0.028,2113.974,1076.965,960.68,1895.742,--,--,0.154,0.474,0.023,0.135,0.148,0.526,0.024,0.127,0.236,0.116,0.001,0.199,209.077,181.265,117.885,194.818,0.023,0.008,0.002,0.02,0.003,2.681,0,0.003,210.665,181.867,118.011,196.176,--,--,1.264,1.147,1.854,1770.43,0.173,0.025,1782.164,--,28552998.71,110542.933,7176725.561,4895399,924861,211162.607,21308819,11456,0,0,0,40735666.2,22456298.61,21531437.61,36051429.81,27140535,45.1845401,0.1749319,11.3570223,7.7468694,1.4635737,0.3341605,33.720773,0.0181289,0,0,0,64.4633639,35.5366361,34.0730624,57.050655,42.949345,12050409.08,183825.3663,4049965.258,0,0,25346.96381,0,0,0,0,0,73.8856163,1.1271029,24.831869,0,0,0.1554118,0,0,0,0,0
ID,16,6315.6,27429062.05,13822967.96,158568169.1,71596034.96,18172119.5,8016259.137,1573.03,685.192,626.326,1455645.833,121109.96,19656.721,1460088.561,--,0.173,0.171,0.069,160.207,0.007,0.001,160.695,--,0.115,0.099,0.046,106.139,0.004,0.001,106.463,--,0.816,0.806,0.325,755.463,0.031,0.005,--,0,39.333,0.186,0.186,0,37.333,0.238,0.238,0,3.611,0.115,0.115,0,2028,885.068,885.08,0,0.082,0.018,0.018,0,0.016,0.002,0.002,0,2034.944,886.039,886.051,--,--,0,3.168,0.025,0.025,0,3.177,0.028,0.028,0,0.291,0.015,0.015,0,163.329,119.198,119.199,0,0.007,0.002,0.002,0,2.644,0,0,0,163.888,119.329,1.19E+02,--,--,0.848,0.858,0.377,775.299,0.033,0.006,777.861,--,20338.154,57.216,3278741.97,0,11024341.8,490540.531,2655052,555964,83112,0,63972,3363109.34,14809010.33,3784668.531,3853649.871,14318469.8,0.1119195,3.15E-04,18.0427051,0,60.6662404,2.6994128,14.6105795,3.059434,0.45736,0,0.3520338,18.5069733,81.4930267,20.8267863,21.2063862,78.7936138,0,36,1729311.241,0,0,339608.6358,0,0,0,0,0,0,1.74E-03,83.5837661,0,0,16.4144939,0,0,0,0,0
IL,17,65539.9,799314971.1,387803784.7,1935252328,849377377.7,187990218.4,81339084.42,34004.777,15891.359,83160.075,76406066.27,15660278.24,2263394.052,76939065.47,--,0.362,0.391,0.885,812.873,0.083,0.012,818.543,--,0.085,0.082,0.208,191.179,0.02,0.003,192.513,--,0.874,0.944,2.138,1964.431,0.201,0.029,--,1.01,31.756,0.416,0.878,1,38.546,0.485,0.867,2.758,5.57,0.059,2.151,2268.171,2327.889,984.973,1979.127,0.256,0.094,0.019,0.203,0.037,0.019,0.002,0.029,2285.686,2335.8,985.999,1992.933,--,--,0.093,2.223,0.05,0.085,0.091,1.947,0.052,0.082,0.254,0.39,0.007,0.209,208.873,162.93,119.297,192.71,0.024,0.007,0.002,0.02,0.003,2.618,0,0.003,210.486,163.483,119.422,194.054,--,--,0.903,0.904,2.108,1932.672,0.196,0.028,1945.986,--,59641923.71,53110.784,17240860.63,98101527,146528,425668.49,11898983.76,53672,0,205224.106,222719.76,175465366,12524852.25,12378324.25,77789507.48,110200710.8,31.7260782,0.0282519,9.1711477,52.1843785,0.0779445,0.2264312,6.329576,0.0285504,0,0.1091674,0.1184741,93.3374979,6.6625021,6.5845576,41.3795506,58.6204494,29826401.77,4132.998,10841299.19,0,0,191186.7201,0,0,0,37116.71004,0,72.9249427,0.0101051,26.5067549,0,0,0.4674476,0,0,0,0.0907496,0
IN,18,42779.2,1045375054,457486269.9,1102362887,473069105.9,113451149.9,48247800.2,89150.145,25583.342,68973.958,98505395.05,20001109.33,2890103.895,99186034.4,--,1.572,1.06,1.216,1736.525,0.176,0.025,1748.524,--,0.171,0.112,0.132,188.459,0.019,0.003,189.762,--,1.659,1.119,1.283,1832.648,0.186,0.027,--,1.626,37.13,0.304,1.305,1.387,33.999,0.295,1.096,1.731,3.496,0.042,1.321,2172.428,1961.322,933.779,1870.731,0.248,0.079,0.017,0.192,0.036,0.016,0.002,0.028,2189.344,1968.052,934.718,1883.767,--,--,0.155,3.092,0.039,0.133,0.13,3.085,0.037,0.11,0.165,0.291,0.005,0.135,207.135,163.326,120.554,190.604,0.024,0.007,0.002,0.02,0.003,2.644,0,0.003,208.748,163.887,120.675,191.932,--,--,1.688,1.048,1.174,1790.737,0.171,0.025,1802.379,--,77455229.08,130277.375,26816994.88,0,222661,481050.431,5437153,290717.48,0,2317591.84,299476,107019569.2,6431581.911,6208920.911,107500619.6,5950531.48,68.2718759,0.1148313,23.6374815,0,0.1962616,0.4240155,4.7925058,0.256249,0,2.0428103,0.2639691,94.3309681,5.6690319,5.4727703,94.7549836,5.2450164,35847188.86,121.001,15835546.82,0,0,83024.95061,0,0,0,39681.43074,0,69.195636,2.34E-04,30.5672709,0,0,0.1602626,0,0,0,0.0765969,0
KS,20,21546.1,257601738,119683298.6,526289657,225583757.6,51683745.2,21893446.32,17565.02,8738.443,5468.957,25565467.03,5529156.849,801539.105,25754010.82,--,0.68,0.798,0.212,989.304,0.107,0.016,996.6,--,0.136,0.146,0.042,198.488,0.021,0.003,199.952,--,1.49,1.75,0.464,2168.972,0.235,0.034,--,1.222,61.503,3.331,1.495,1.287,59.762,3.485,1.616,0.529,2.487,0.016,0.464,2315.745,3653.305,1199.649,2175.23,0.266,0.089,0.022,0.235,0.039,0.014,0.002,0.034,2333.927,3659.852,1200.866,2191.272,--,--,0.111,2.609,0.33,0.137,0.115,2.551,0.339,0.146,0.048,0.105,0.002,0.042,209.668,154.956,118.865,199.083,0.024,0.004,0.002,0.022,0.004,1.229,0,0.003,211.314,155.234,118.986,200.552,--,--,1.72,1.851,0.539,2122.124,0.221,0.032,2.14E+03,--,20473983.04,52015.719,2979247.25,9168289,26420,63551.2,18907502,7727,0,0,5010,32678545.01,19005200.2,18978780.2,23573807.21,28109938,39.6139695,0.1006423,5.7643796,17.7392117,0.0511186,0.1229617,36.5830725,0.0149505,0,0,9.69E-03,63.2278967,36.7721033,36.7209848,45.6116466,54.3883534,11742999.06,3270.688,2600588.586,0,0,5896.636014,0,0,0,0,0,81.8170385,0.0227879,18.11909,0,0,0.0410837,0,0,0,0,0
KY,21,30427.3,750114338.4,349545688.9,790755711.4,368030285.9,78804497,36428468,47356.072,20746.913,55232.163,71797634.97,15588309.42,2259663.892,72329178.76,--,1.202,1.139,1.402,1822.171,0.198,0.029,1835.661,--,0.126,0.119,0.147,191.431,0.021,0.003,192.848,--,1.274,1.207,1.486,1931.414,0.21,0.03,--,1.368,0,0.432,1.278,1.284,0,0.451,1.209,1.641,0,0.009,1.483,2045.67,0,976.895,1942.536,0.231,0,0.018,0.21,0.033,0,0.002,0.03,2061.423,0,977.894,1956.861,--,--,0.133,0,0.053,0.126,0.124,0,0.054,0.119,0.159,0,0.001,0.147,198.527,0,118.857,192.237,0.022,0,0.002,0.021,0.003,0,0,0.003,200.056,0,118.978,193.655,--,--,1.223,1.169,1.369,1869.609,0.192,0.028,1882.649,--,59168143.03,69753.373,14615237.2,0,4417833,430553.884,0,39436,0,63539.822,0,73916673.43,4887822.884,469989.884,74347227.31,4457269,75.0821918,0.0885145,18.5461971,0,5.6060672,0.546357,0,0.0500428,0,0.0806297,0,93.797533,6.202467,0.5963998,94.34389,5.65611,37468423.44,0,5678280.915,0,0,236879.9196,0,0,0,0,0,86.36544,0,13.0885472,0,0,0.5460128,0,0,0,0,0
LA,22,36634.2,622013753.9,300726275.1,814969481.9,384017272.1,101862424.4,47539142.6,36557.751,17862.093,48647.449,42580455.91,5011138.732,738449.082,42753124.06,--,0.718,0.751,0.955,836.039,0.049,0.007,839.429,--,0.118,0.119,0.156,136.912,0.008,0.001,137.467,--,0.875,0.916,1.165,1019.544,0.06,0.009,--,1.498,0.506,0.795,0.901,1.518,0.301,0.839,0.929,4.223,6.958,0.021,1.151,2301.481,927.399,828.318,1073.346,0.21,0.192,0.017,0.06,0.031,0.03,0.002,0.008,2316.079,941.242,829.288,1077.363,--,--,0.134,0.11,0.113,0.119,0.134,0.076,0.116,0.121,0.377,1.512,0.003,0.153,205.424,201.49,117.703,142.273,0.019,0.042,0.002,0.008,0.003,13.194,0,0.001,206.727,204.497,117.841,142.806,--,--,1.06,1.08,1.669,1.19E+03,0.077,0.011,1190.779,--,11786723.7,4377794.308,61447580,17152582,1179855,2676303.724,0,1518,0,2613931.39,626136.01,98004747.41,3857676.724,2677821.724,83528469.13,18333955,11.5712185,4.2977519,60.3240896,16.838969,1.1582829,2.6273709,0,1.49E-03,0,2.566139,0.6146879,96.212856,3.787144,2.6288612,82.0012579,17.9987421,9930298.241,3752889.782,29970375.08,0,0,689848.7861,0,0,0,1710677.765,0,21.5622506,8.1488741,65.0764684,0,0,1.4979099,0,0,0,3.714497,0
MA,25,18841.4,174018721,82395328.33,241274350,112400596.3,27123442.98,12767679.08,7553.143,3184.702,2830.248,9867203.33,2685015.297,345037.925,9952176.675,--,0.557,0.499,0.209,727.577,0.099,0.013,733.843,--,0.087,0.077,0.033,113.404,0.015,0.002,114.381,--,0.724,0.649,0.271,945.941,0.129,0.017,--,0,4.711,0.185,0.25,0,6.894,0.173,0.223,0,3.198,0.053,0.098,0,1633.601,872.629,883.565,0,0.055,0.017,0.018,0,0.01,0.002,0.002,0,1638.053,873.596,884.583,--,--,0,0.433,0.025,0.034,0,0.59,0.024,0.03,0,0.294,0.007,0.013,0,150.171,119.626,120.276,0,0.005,0.002,0.002,0,1.895,0,0,0,150.581,119.759,120.415,--,--,0.394,0.343,0.169,910.581,0.05,6.00E-03,913.677,--,0,460738.537,18385799.12,4441563,659093.19,2015671.652,216813.31,943784.39,0,207.988,-229,23288079.64,3835362.542,3176269.352,20862188.29,6261253.89,0,1.6986585,67.7850686,16.375228,2.4299557,7.4314116,0.7993509,3.4795599,0,7.67E-04,0,85.8588776,14.1402781,11.7103224,76.9150612,23.0840945,0,270679.002,14644949.08,0,0,459203.9245,0,0,0,0,0,0,1.7605331,95.2527421,0,0,2.9867248,0,0,0,0,0
MD,24,18369,230713669,108241138,421995109,189078607,43783522.97,19699199.78,8905.808,3401.156,11978.893,18296004.99,3542951.501,498515.902,18414570.75,--,0.407,0.345,0.547,835.748,0.081,0.011,841.164,--,0.077,0.063,0.104,158.604,0.015,0.002,159.631,--,0.712,0.605,0.958,1463.55,0.142,0.02,--,1.074,23.59,0.249,0.644,0.907,31.235,0.188,0.508,1.988,13.137,0.017,0.922,2177.214,2806.717,901.249,1481.044,0.245,0.117,0.017,0.121,0.036,0.023,0.002,0.017,2193.965,2816.631,902.201,1489.161,--,--,0.098,1.37,0.033,0.071,0.081,1.57,0.025,0.056,0.181,0.763,0.002,0.101,198.54,163.019,119.114,162.477,0.022,0.007,0.002,0.013,0.003,2.722,0,0.002,200.067,163.594,119.24,163.367,--,--,0.853,0.661,1.204,1592.483,0.149,0.021,1602.555,--,10066923.72,258033.994,13829753.67,14987931,2830886,847902.865,569984,392495,0,0,-387,39142255.39,4641267.865,1810381.865,25002227.25,18781296,22.9922902,0.5893352,31.5863832,34.2315954,6.4655852,1.9365627,1.3018115,0.8964366,0,0,0,89.3987201,10.600396,4.1348108,57.1036874,42.8954287,8658278.71,22518.999,7656391.662,0,0,455885.6479,0,0,0,0,0,51.5586258,0.1340969,45.5925532,0,0,2.7147241,0,0,0,0,0
ME,23,5658.8,48522445.81,20687087.09,100106445.8,35336584.09,11280700,4233268.003,3268.845,1243.897,1915.903,1453783.686,1739269.286,250564.788,1512858.708,--,0.58,0.588,0.34,257.747,0.154,0.022,268.221,--,0.135,0.12,0.079,59.922,0.036,0.005,62.357,--,1.163,1.179,0.681,517.055,0.309,0.045,--,0,2.077,0.153,0.279,0,2.532,0.14,0.166,0,8.154,0.005,0.538,0,1947.298,797.464,872.779,0,0.075,0.016,0.02,0,0.015,0.002,0.003,0,1953.686,798.354,874.029,--,--,0,0.185,0.023,0.04,0,0.182,0.022,0.025,0,0.728,0.001,0.077,0,173.813,118.964,124.715,0,0.007,0.002,0.003,0,2.696,0,0,0,174.383,119.097,124.894,--,--,0.758,0.551,0.758,677.219,0.18,0.026,689.481,--,70827.809,189091.776,2330732.165,0,3261054,2767943.32,2384295,12031.63,0,160270.922,104453,2855375.672,8425323.95,5164269.95,5623318.992,5657380.63,0.6278672,1.6762416,20.6612377,0,28.9082602,24.5369827,21.1360561,0.1066568,0,1.4207534,0.9259443,25.3120442,74.6879558,45.7796956,49.8490269,50.1509731,0,157248,1945707.858,0,0,1063274.19,0,0,0,0,0,0,4.9664111,61.451879,0,0,33.5817099,0,0,0,0,0
MI,26,39849.5,746525799.2,345045606.4,1130294538,513924658.4,115834924.3,51998997.21,42415.005,18986.138,67045.465,64190164.56,12843519.59,1841181.688,64622206.95,--,0.732,0.73,1.158,1108.304,0.111,0.016,1115.764,--,0.114,0.11,0.18,171.97,0.017,0.002,173.128,--,1.075,1.072,1.699,1626.874,0.163,0.023,--,1.45,7.54,0.476,1.057,1.39,7.082,0.488,1.042,2.935,4.715,0.038,1.732,2251.926,1494.041,883.666,1680.212,0.251,0.065,0.017,0.153,0.037,0.011,0.002,0.022,2269.087,1499.074,884.587,1690.58,--,--,0.134,1.072,0.064,0.112,0.129,1.113,0.063,0.109,0.272,0.67,0.005,0.184,208.428,212.369,118.017,178.471,0.023,0.009,0.002,0.016,0.003,3.245,0,0.002,210.016,213.084,118.14,179.572,--,--,1.37,1.339,2.192,1768.255,0.175,0.025,1.78E+03,--,42330863.3,1213512.194,30986891.67,30478694,870744,2653345.899,5457252,115981,0,1726161.031,1478.021,106737600.2,9097322.899,8226578.899,78912252.12,36922671,36.5441286,1.047622,26.7509062,26.3121805,0.7517111,2.2906269,4.711232,0.1001261,0,1.4901905,1.28E-03,92.1463038,7.8536962,7.101985,68.1247503,31.8752497,23882324.19,111395.8727,14080033.04,0,0,928542.7548,0,0,0,0,0,61.233124,0.2856136,36.1005237,0,0,2.3807387,0,0,0,0,0
MN,27,23325.4,338486323.1,149720496.4,608313028.1,256468241.4,61425572.33,26076121.87,21774.19,9400.755,17168.443,30571798.3,7161490.428,1027482.398,30808214.04,--,0.709,0.721,0.559,995.409,0.117,0.017,1003.107,--,0.129,0.126,0.101,180.638,0.021,0.003,182.035,--,1.28,1.302,1.009,1797.547,0.211,0.03,--,1.326,5.035,0.686,1.164,1.317,5.658,0.701,1.113,1.34,0.793,0.008,0.993,2205.016,601.047,946.416,1876.563,0.244,0.015,0.017,0.184,0.035,0.003,0.002,0.027,2221.651,602.258,947.351,1889.105,--,--,0.126,0.442,0.086,0.118,0.124,0.538,0.088,0.115,0.127,0.07,0.001,0.101,209.096,52.749,118.612,189.936,0.023,0.001,0.002,0.019,0.003,0.497,0,0.003,210.673,52.855,118.73,191.205,--,--,1.298,1.196,0.906,1483.286,0.169,0.024,1493.949,--,23455356.05,41644.379,8468311.081,14601329,1053504.37,1944159.346,10713650,1042020.84,0,0,105553.837,46672194.35,14753334.56,13699830.19,34015024.69,27410504.21,38.185029,0.0677965,13.7863055,23.7707827,1.7150921,3.1650673,17.4416895,1.696397,0,0,0.1718403,75.9817541,24.0182459,22.3031538,55.3760388,44.6239612,7021601.549,31569.2698,7166780.685,0,0,1122279.46,0,0,0,0,0,45.7664962,0.2057671,46.7127675,0,0,7.3149691,0,0,0,0,0
MO,29,25772.4,684663199.9,314459107.5,830292105.9,372638368.5,81304229.76,37695152.16,50822.665,15587.992,102833.723,69092318.37,15839675.69,2298020.359,69632719.35,--,1.25,0.827,2.53,1699.6,0.195,0.028,1712.893,--,0.148,0.099,0.3,201.829,0.023,0.003,203.407,--,1.521,1.006,3.077,2067.155,0.237,0.034,--,1.648,51.812,0.342,1.523,1.043,64.907,0.354,0.975,3.42,8.751,0.008,3.081,2198.257,6032.251,936.403,2073.16,0.262,0.231,0.018,0.237,0.038,0.046,0.002,0.034,2216.131,6051.749,937.42,2089.358,--,--,0.157,1.382,0.043,0.149,0.104,1.341,0.043,0.099,0.325,0.233,0.001,0.301,209.2,160.861,118.402,202.221,0.025,0.006,0.002,0.023,0.004,2.456,0,0.003,210.901,161.381,118.53,203.801,--,--,1.161,0.909,1.703,1815.756,0.192,2.80E-02,1.83E+03,--,59703175.88,97704.126,6912910.534,10655279,875299,132944.8,2834677,91230.55,0,764.085,244,77370077.63,3934151.35,3058852.35,66847743.43,14456485.55,73.431821,0.120171,8.5025227,13.1054425,1.0765725,0.1635152,3.4865062,0.1122089,0,9.40E-04,3.00E-04,95.1611971,4.8388029,3.7622303,82.2192699,17.7807301,15676504.25,6065.768,4737941.995,0,0,194318.3965,0,0,0,0,0,76.0447888,0.0294243,22.9831723,0,0,0.9426146,0,0,0,0,0
MS,28,19338,448358159.9,221544147.1,523798764.9,241055101.1,63473771.44,28812658.65,13965.762,7788.744,4983.68,29101198.86,2459934.338,339997.595,29182607.68,--,0.44,0.541,0.157,916.952,0.039,0.005,919.517,--,0.062,0.07,0.022,129.812,0.005,0.001,130.175,--,0.497,0.61,0.177,1035.106,0.044,0.006,--,0.93,0.392,0.337,0.487,1.083,0.31,0.415,0.571,0.452,0.009,0.005,0.117,1518.931,1397.897,906.76,1064.305,0.116,0.027,0.017,0.042,0.016,0.003,0.002,0.005,1526.724,1399.375,907.69,1066.962,--,--,0.101,0.033,0.044,0.06,0.112,0.03,0.053,0.069,0.049,0.001,0.001,0.015,165.495,118.944,118.846,132.199,0.013,0.002,0.002,0.005,0.002,0.459,0,0.001,166.344,119.07,118.968,132.529,--,--,0.645,0.775,0.112,1057.509,0.038,0.005,1059.944,--,5280043.35,27309.568,49481810.56,6919470,0,1439284.952,0,325853,0,0,0,61708633.47,1765137.952,1765137.952,56228448.43,7245323,8.3184648,0.043025,77.9563108,10.9013059,0,2.2675271,0,0.5133664,0,0,0,97.2191066,2.7808934,2.7808934,88.5853277,11.4146723,5396409.768,427493,20156214.38,0,0,468026.55,0,0,0,0,0,20.4037373,1.6163441,76.2103179,0,0,1.7696008,0,0,0,0,0
MT,30,7743.1,157610898,53240946.06,284159870,108701243.1,28195174,10767895.75,16409.149,5650.906,12062.216,16312377.33,3639299.426,529874.07,16436819.81,--,1.164,1.05,0.856,1157.104,0.129,0.019,1165.931,--,0.208,0.212,0.153,206.996,0.023,0.003,208.575,--,2.245,2.024,1.65,2231.39,0.249,0.036,--,2.174,0.712,7.258,2.293,2.293,0.642,6.428,2.414,1.355,13.483,0.014,1.687,2333.337,1761.56,1304.228,2282.279,0.268,0.051,0.025,0.254,0.039,0.01,0.003,0.037,2351.682,1765.892,1305.602,2299.64,--,--,0.196,0.09,0.659,0.208,0.199,0.08,0.595,0.212,0.122,1.703,0.001,0.153,209.882,222.56,118.435,207.202,0.024,0.006,0.002,0.023,0.004,2.584,0,0.003,211.532,223.107,118.559,208.778,--,--,2.492,2.609,1.232,2193.482,0.239,0.035,2209.768,--,13360026.63,446004.025,476370.112,0,11404609,21331,2135735,34012,0,12414.635,304672,14599487.41,13595687,2191078,14620818.41,13574356,47.3840894,1.5818452,1.6895448,0,40.4487975,0.0756548,7.5748246,0.1206306,0,0.0440311,1.0805821,51.7800926,48.2199074,7.7711099,51.8557474,48.1442526,4299020.622,41680.19446,448038.74,0,0,0,0,0,0,0,0,89.7735317,0.8703792,9.3560891,0,0,0,0,0,0,0,0
NC,37,49082.6,691984106.8,326672815.4,1254353603,563082569.4,134162507.3,59659020.91,35251.887,16892.908,22050.215,53636315.53,9400530.744,1343357.427,53938292.09,--,0.526,0.566,0.329,799.572,0.07,0.01,804.074,--,0.102,0.103,0.064,155.022,0.014,0.002,155.895,--,0.894,0.963,0.559,1359.821,0.119,0.017,--,1.729,4.255,0.237,0.879,1.749,5.966,0.235,0.918,0.961,0.742,0.011,0.417,2050.195,1924.186,934.575,1411.39,0.234,0.067,0.018,0.11,0.034,0.012,0.002,0.016,2066.22,1929.582,935.56,1418.789,--,--,0.171,0.326,0.03,0.1,0.171,0.352,0.029,0.102,0.095,0.057,0.001,0.047,203.275,147.518,119.207,160.299,0.023,0.005,0.002,0.013,0.003,1.91,0,0.002,204.864,147.931,119.333,161.139,--,--,1.037,1.074,0.611,1497.388,0.138,0.02,1506.55,--,31664852.57,632054.935,43445749.17,42076949,6605429,2609614.07,542772,6050030.15,0,301651.09,233405,118354661.8,15807845.22,9202416.22,78887326.84,55275180.15,23.6018641,0.4711115,32.3829288,31.3626735,4.9234538,1.9451143,0.4045631,4.5094791,0,0.2248401,0.1739719,88.2173898,11.7826102,6.8591564,58.7998306,41.2001694,25090789.82,116061.004,22498687.36,0,0,1346262.751,0,0,0,0,0,51.151618,0.2366091,45.8671994,0,0,2.7445735,0,0,0,0,0
ND,38,10229.5,298646168.6,125349260.5,425889680.6,170579856.5,42612542,17082890.74,32855.561,13722.938,38780.785,32071087.37,7242063.649,1052375.013,32318417.04,--,1.542,1.607,1.82,1505.242,0.17,0.025,1516.85,--,0.22,0.219,0.26,214.776,0.024,0.004,216.433,--,2.289,2.385,2.702,2234.743,0.252,0.037,--,2.371,23.559,0.133,2.296,2.365,28.827,0.1,2.267,2.807,10.399,0.005,2.712,2284.414,3518.142,1020.393,2241.598,0.261,0.142,0.022,0.253,0.038,0.028,0.002,0.037,2302.275,3530.189,1021.603,2258.894,--,--,0.226,1.094,0.015,0.22,0.225,0.931,0.014,0.219,0.267,0.483,0.001,0.26,217.661,163.325,118.858,214.904,0.025,0.007,0.003,0.024,0.004,2.645,0,0.004,219.362,163.885,118.999,216.562,--,--,2.108,1.91E+00,1.746,1978.739,0.211,0.03,1993.04,--,27540664.96,38025.214,1019590.507,0,3180154,1038,10730134,0,0,58022.199,44913,28701215.88,13911326,10731172,28702253.88,13910288,64.6304204,0.0892348,2.3927005,0,7.4629531,2.44E-03,25.1806945,0,0,0.1361623,0.1053985,67.3539165,32.6460835,25.1831304,67.3563524,32.6436476,2631234.969,381,954299.9299,0,0,1038,0,0,0,0,0,73.3556952,0.0106218,26.6047448,0,0,0.0289382,0,0,0,0,0
NE,31,11071.8,253155258.7,113080875.7,375482998.7,163787482.7,36966215.82,16036884.2,22609.315,10115.302,59650.593,25993715.49,6048322.65,878831.116,26200265.36,--,1.223,1.262,3.227,1406.35,0.164,0.024,1417.525,--,0.179,0.179,0.471,205.358,0.024,0.003,206.99,--,1.855,1.913,4.894,2132.749,0.248,0.036,--,1.85,43.468,1.331,1.836,1.856,51.177,1.443,1.841,5.097,4.043,0.043,4.906,2173.72,4981.456,1221.943,2138.15,0.258,0.117,0.022,0.249,0.037,0.023,0.002,0.036,2191.331,4991.352,1223.165,2155.14,--,--,0.178,1.425,0.125,0.177,0.18,1.375,0.123,0.177,0.492,0.133,0.004,0.473,209.62,163.326,114.763,205.926,0.025,0.004,0.002,0.024,0.004,1.532,0,0.003,211.319,163.65,114.877,207.562,--,--,2.427,2.453,4.713,2111.019,0.243,0.035,2127.566,--,23305208.26,12473.61,964789.935,5632140,1382073,93313.037,5549106,27112,0,0,0,29914611.81,7051604.037,5669531.037,24375784.84,12590431,63.0446145,0.0337433,2.6099234,15.2359117,3.7387462,0.2524279,15.0112904,0.0733426,0,0,0,80.9241929,19.0758071,15.3370609,65.9407091,34.0592909,5160038.567,3389.92,920580.7989,0,0,9862.688328,0,0,0,0,0,84.6758611,0.0556283,15.1066646,0,0,0.161846,0,0,0,0,0
NH,33,4739.5,54740425.26,25456468.78,175994610.3,77942775.78,17063035.36,7783832.981,2342.125,680.749,1341.687,2554891.556,1681125.371,222535.351,2609062.927,--,0.275,0.175,0.157,299.465,0.099,0.013,305.815,--,0.086,0.053,0.049,93.346,0.031,0.004,95.325,--,0.894,0.57,0.512,975.207,0.321,0.042,--,3.223,2.758,0.089,0.649,3.157,2.135,0.076,0.238,1.569,4.337,0.006,0.389,2633.131,2019.238,869.671,1172.229,0.274,0.062,0.017,0.057,0.04,0.012,0.002,0.008,2651.832,2024.278,870.64,1175.979,--,--,0.251,0.205,0.012,0.078,0.254,0.142,0.011,0.031,0.122,0.323,0.001,0.047,205.119,150.445,119.771,141.136,0.021,0.005,0.002,0.007,0.003,1.745,0,0.001,206.576,150.82,119.904,141.588,--,--,0.827,0.359,0.638,1122.776,0.193,0.026,1135.289,--,636366.982,177899.368,2991539.426,10061696,1354988,1433886.59,406659,0,0,0,0,13867501.78,3195533.59,1840545.59,5239692.366,11823343,3.7295063,1.0426009,17.5322817,58.9677967,7.9410724,8.4034673,2.3832747,0,0,0,0,81.2721856,18.7278144,10.7867419,30.7078562,69.2921438,549623,128229.5169,2586838.921,0,0,577576.328,0,0,0,0,0,14.3046511,3.3373394,67.3258367,0,0,15.0321727,0,0,0,0,0
NJ,34,28414.6,313208182.2,153702997.2,656829460.2,301933311.2,74975548.73,34828424.32,6673.759,3054.589,1797.867,18747569.08,2454444.268,307939.181,18824132.57,--,0.178,0.175,0.048,500.098,0.033,0.004,502.141,--,0.043,0.04,0.011,119.713,0.008,0.001,120.202,--,0.317,0.312,0.085,890.248,0.058,0.007,--,1.249,24.009,0.138,0.23,1.233,24.514,0.139,0.222,1.531,0.28,0.005,0.053,2093.017,1442.912,834.084,870.507,0.23,0.03,0.017,0.023,0.034,0.003,0.002,0.003,2108.755,1444.661,835.016,871.875,--,--,0.122,2.019,0.02,0.033,0.116,2.39,0.02,0.031,0.15,0.024,0.001,0.008,204.979,121.348,119.205,122.865,0.023,0.003,0.002,0.003,0.003,0.563,0,0,206.52,121.495,119.338,123.058,--,--,0.367,0.342,0.099,938.943,0.039,0.005,941.375,--,1193287.94,362364.575,38863099.82,31982106,-79564,1462554.959,22596,932762.27,0,212047.85,24295,72637201.19,2338349.229,2417913.229,42117650.14,32857900.27,1.5898822,0.482798,51.7794159,42.6114946,0,1.9486413,0.0301059,1.2427698,0,0.2825229,0.0323695,96.7784831,3.1155095,3.2215169,56.1156298,43.7783628,1087569.663,90444.998,19378507.1,0,0,306422.3247,0,0,0,64803.87624,0,5.1967831,0.4321774,92.5971927,0,0,1.4641916,0,0,0,0.3096553,0
NM,35,13236.6,251324291.8,120645477.5,320626978.8,147435266.5,32534843,14609865,17298.238,7809.218,3668.34,21687069.24,3500384.274,499019.195,21805177.91,--,1.063,1.069,0.226,1333.16,0.108,0.015,1340.42,--,0.138,0.129,0.029,172.582,0.014,0.002,173.522,--,1.388,1.395,0.294,1739.544,0.14,0.02,--,2.02,15.976,0.644,1.388,1.931,15.938,0.708,1.338,0.54,9.006,0.005,0.294,2355.308,2912.805,1016.037,1739.836,0.243,0.118,0.019,0.14,0.035,0.024,0.002,0.02,2371.933,2922.781,1017.104,1749.311,--,--,0.178,0.896,0.075,0.138,0.166,0.897,0.079,0.129,0.048,0.505,0.001,0.029,207.266,163.326,118.595,172.626,0.021,0.007,0.002,0.014,0.003,2.646,0,0.002,208.729,163.885,118.719,173.566,--,--,1.607,1.54,0.312,1880.294,0.159,0.023,1891.021,--,13401531.7,20736.76,11491510.26,0,149546,21156.275,6091551,1346404.48,13138,0,-731,24913047.72,7621795.755,7472249.755,24934203.99,7600639.48,41.1903952,0.0637357,35.319832,0,0.4596384,0.0650251,18.72274,4.1382533,0.0403804,0,0,76.5717161,23.4260371,22.9663987,76.6367412,23.3610121,9756312.958,169,6147664.531,0,0,4955,0,0,0,0,0,61.325355,1.06E-03,38.6424371,0,0,0.0311457,0,0,0,0,0
NV,32,21064,227724812.2,116567427.3,321278421.2,161037275.3,39607668.2,19790524.2,10404.988,5812.518,3789.881,14750182.32,1135937.138,144704.24,14785942.46,--,0.525,0.587,0.191,744.814,0.029,0.004,746.62,--,0.091,0.1,0.033,129.544,0.005,0.001,129.858,--,0.711,0.795,0.259,1008.017,0.039,0.005,--,2.259,0,0.566,0.71,2.599,0,0.593,0.781,2.638,0,0.006,0.23,2244.926,0,886.544,1002.242,0.274,0,0.017,0.039,0.04,0,0.002,0.005,2263.651,0,887.47,1004.683,--,--,0.211,0,0.076,0.092,0.242,0,0.079,0.1,0.246,0,0.001,0.03,209.629,0,118.68,129.39,0.026,0,0.002,0.005,0.004,0,0,0.001,211.378,0,118.804,129.705,--,--,0.784,0.856,0.326,1054.906,0.049,0.006,1058.018,--,2485045.74,10245.222,26688611.5,0,1881266.01,53066,312348,4686322.18,3461982,0,28782,29212684.46,10394984.19,8513718.18,29265750.46,10341918.19,6.274153,0.0258668,67.3824348,0,4.7497519,0.1339791,0.7886049,11.8318556,8.7406861,0,0.0726677,73.7551223,26.2448777,21.4951257,73.8891014,26.1108986,2114026.928,0,15207115.48,0,0,24409.73933,0,0,0,0,0,12.1877177,0,87.6715561,0,0,0.1407262,0,0,0,0,0
NY,36,51891.5,475320037,239944394.7,1233177071,551317794.7,132500581.8,59122941.02,15440.745,7059.122,5705.247,27632119.14,3818106.086,486087.426,27737892.3,--,0.233,0.239,0.086,417.087,0.029,0.004,418.683,--,0.065,0.059,0.024,116.267,0.008,0.001,116.712,--,0.55,0.564,0.203,984.99,0.068,0.009,--,1.691,1.494,0.335,0.431,1.608,1.029,0.341,0.402,6.669,0.99,0.049,0.199,2043.674,1341.62,937.997,979.658,0.247,0.035,0.018,0.022,0.036,0.006,0.002,0.003,2060.568,1344.131,939.029,980.995,--,--,0.17,0.141,0.043,0.054,0.157,0.092,0.042,0.049,0.67,0.093,0.006,0.025,205.204,126.161,119.611,121.563,0.025,0.003,0.002,0.003,0.004,1.036,0,0,206.901,126.397,119.742,121.729,--,--,0.605,0.558,0.305,1062.997,0.035,4.00E-03,1065.074,--,690385.625,1590192.62,50810943.79,42919011,29199282,3027432.428,3980870,295016,0,275.93,-12828,95997980.96,36502600.43,7303318.428,56106402.39,76394179,0.520993,1.2000239,38.3440016,32.3884286,22.034964,2.2846235,3.0041262,0.2226311,0,2.08E-04,0,72.4439748,27.5463446,5.5113807,42.3401697,57.6501498,688346,3478363.762,29500446.44,0,0,512437.4728,0,0,0,0,0,2.0139093,10.1767265,86.3101145,0,0,1.4992497,0,0,0,0,0
OH,39,48922.9,962026468.3,399813640.7,1172770637,487623369.7,126184610.6,51519197.27,53277.573,18071.766,90303.06,83374477.1,15576860.8,2240617.572,83903039.88,--,0.844,0.702,1.431,1321.468,0.123,0.018,1329.846,--,0.111,0.09,0.188,173.331,0.016,0.002,174.43,--,1.008,0.837,1.708,1576.725,0.147,0.021,--,1.602,1.353,0.149,0.986,1.335,1.283,0.169,0.835,2.898,4.986,0.042,1.716,2066.324,3021.363,901.3,1585.183,0.246,0.102,0.018,0.148,0.036,0.02,0.002,0.021,2083.126,3029.974,902.306,1595.231,--,--,0.159,0.093,0.02,0.109,0.132,0.089,0.021,0.09,0.288,0.344,0.006,0.189,205.011,208.658,118.489,174.504,0.024,0.007,0.002,0.016,0.004,2.812,0,0.002,206.678,209.252,118.621,175.61,--,--,1.359,1.202,1.976,1772.593,0.169,0.024,1784.082,--,58726962.52,1315746.36,44214501.97,18315007,244019,706973.104,1750022,119055.06,0,798493.106,-6170,123364541,2820069.164,2576050.164,105756507.1,20428103.06,46.5382356,1.0426644,35.0378228,14.5137442,0.1933731,0.5602415,1.3868065,0.0943453,0,0.6327666,0,97.7603442,2.2347664,2.0413933,83.8068415,16.1882691,26520386.5,1148748.74,14537979.56,0,0,149049.4873,0,0,0,0,0,62.6128143,2.712117,34.323173,0,0,0.3518956,0,0,0,0,0
OK,40,35663.1,516564002.1,279590006.5,784950074.1,381055874.5,86223720.8,41568455.01,23953.565,12720.078,31728.429,38354703.57,4826840.176,673527.747,38515394.71,--,0.556,0.612,0.736,889.655,0.056,0.008,893.383,--,0.093,0.091,0.123,148.499,0.009,0.001,149.121,--,0.842,0.927,1.115,1347.575,0.085,0.012,--,1.568,30.792,0.523,0.843,1.548,30.791,0.558,0.835,3.541,2.781,0.038,1.109,2169.934,1565.927,999.311,1356.952,0.231,0.063,0.021,0.085,0.033,0.013,0.002,0.012,2185.651,1571.293,1000.493,1362.574,--,--,0.144,3.212,0.063,0.093,0.141,3.208,0.066,0.091,0.324,0.29,0.005,0.122,198.768,163.326,120.415,149.136,0.021,0.007,0.002,0.009,0.003,2.645,0,0.001,200.208,163.885,120.557,149.754,--,--,1.116,1.117,1.61,1521.814,0.107,0.015,1528.936,--,14906746.88,17977.533,41612985.55,0,1899846,332717.314,27338228,61626,0,53593.296,0,56591303.27,29632417.31,27732571.31,56924020.58,29299700,17.2884524,0.0208499,48.2616446,0,2.2033913,0.3858768,31.7061567,0.0714722,0,0.0621561,0,65.6331029,34.3668971,32.1635057,66.0189797,33.9810203,14484583.26,1094,21615498.08,0,0,58717.2118,0,0,0,0,0,40.0570418,3.03E-03,59.7775506,0,0,0.1623822,0,0,0,0,0
OR,41,19173.8,171918575.5,76248951.58,569810988.5,240573163.6,63917831.95,26400196.5,8646.966,4545.096,2839.069,10003897.55,1135569.925,148548.894,10040225.87,--,0.271,0.344,0.089,313.024,0.018,0.002,314.16,--,0.101,0.119,0.033,116.379,0.007,0.001,116.802,--,0.853,1.085,0.28,986.593,0.056,0.007,--,2.583,0,0.594,0.728,3.084,0,0.796,0.984,3.591,0,0.01,0.25,2573.351,0,924.128,1034.923,0.253,0,0.016,0.032,0.037,0,0.002,0.004,2590.667,0,925.001,1036.9,--,--,0.211,0,0.074,0.087,0.211,0,0.093,0.109,0.293,0,0.001,0.03,209.76,0,114.451,123.851,0.021,0,0.002,0.004,0.003,0,0,0,211.172,0,114.559,1.24E+02,--,--,1.417,1.853,0.608,1132.506,0.081,0.011,1137.829,--,1281562.8,3956.005,17922776.53,0,35442773,1071935.594,7447442,571696,176235,0,-545,19207750.33,44710081.59,9267308.594,20279685.93,43638146,2.004999,6.19E-03,28.0400996,0,55.4500516,1.6770382,11.651488,0.8944157,0.2757188,0,0,30.050435,69.9487123,14.4986607,31.7274732,68.2716741,1224425.821,0,6569574.806,0,0,546795.3321,0,0,0,0,0,14.6799637,0,78.764363,0,0,6.5556733,0,0,0,0,0
PA,42,69518.2,1081368003,478890699.7,2026039516,876293932.7,215390665.9,94435425.23,46962.424,16004.725,70653.362,84463281.51,14715429.79,2064681.354,84954857.72,--,0.436,0.339,0.656,784.28,0.068,0.01,788.844,--,0.087,0.067,0.131,156.216,0.014,0.002,157.125,--,0.753,0.586,1.133,1354.913,0.118,0.017,--,1.515,3.222,0.191,0.708,1.123,2.238,0.181,0.524,2.989,0.771,0.005,1.132,2203.542,1716.368,846.64,1360.7,0.248,0.045,0.016,0.103,0.036,0.007,0.002,0.015,2220.499,1719.547,847.526,1367.637,--,--,0.141,0.25,0.027,0.083,0.103,0.183,0.026,0.063,0.278,0.06,0.001,0.133,205.318,133.114,118.951,159.543,0.023,0.004,0.002,0.012,0.003,1.066,0,0.002,206.898,133.36,119.075,160.357,--,--,0.999,0.783,1.346,1450.207,0.125,0.018,1458.637,--,44086284.46,624727.178,76391778.16,83476744,3602614,3035998.403,3566917,62475.3,0,560584.596,-22293,205117825.4,10268004.7,6665390.703,124677079.8,90708750.3,20.4663983,0.2900203,35.4637407,38.7528301,1.6724597,1.4094169,1.6558879,0.0290032,0,0.260243,0,95.2228832,4.7667676,3.094308,57.8794699,42.1101809,19929346.39,803998.858,25827814.1,0,0,795802.4397,0,0,0,140152.8653,0,41.9590675,1.692732,54.3776486,0,0,1.6754753,0,0,0,0.2950766,0
RI,44,2547.2,63006180.35,32930690.72,64752934.35,33521036.72,8372772.262,4335822.601,1646.293,858.177,64.277,3633190.538,137854.901,14228.571,3637033.781,--,0.393,0.396,0.015,867.858,0.016,0.002,868.776,--,0.052,0.052,0.002,115.328,0.002,0,115.45,--,0.402,0.405,0.016,888.18,0.017,0.002,--,0,49.182,0.413,0.413,0,40.188,0.41,0.411,0,4.5,0.007,0.008,0,2546.364,911.688,911.697,0,0.103,0.017,0.017,0,0.021,0.002,0.002,0,2555.091,912.652,912.662,--,--,0,3.155,0.054,0.054,0,3.152,0.054,0.054,0,0.289,0.001,0.001,0,163.324,119.202,119.202,0,0.007,0.002,0.002,0,2.644,0,0,0,163.883,119.328,119.328,--,--,0.147,0.141,0.011,906.448,0.017,0.002,907.415,--,0,75705.618,7894464.7,0,4100.33,211031.26,158605.53,28866,0,0,0,7970170.318,402603.12,398502.79,8181201.578,191571.86,0,0.9041881,94.2873321,0,0.0489722,2.5204463,1.894301,0.3447603,0,0,0,95.1915202,4.8084798,4.7595076,97.7119665,2.2880335,0,44,4860284.135,0,0,44035.51979,0,0,0,0,0,0,8.97E-04,99.1012184,0,0,0.8978845,0,0,0,0,0
SC,45,33320.7,396153420,192001479.9,979441773,451219574.9,99322722.72,45762092.31,14405.099,6113.368,8343.008,31312088.91,5902631.196,855005.935,31513267.43,--,0.29,0.267,0.168,630.512,0.059,0.009,634.563,--,0.073,0.064,0.042,158.081,0.015,0.002,159.096,--,0.658,0.606,0.381,1430.208,0.135,0.02,--,1.069,51.342,0.236,0.639,0.982,44.527,0.187,0.558,0.696,11.765,0.043,0.358,2047.548,4475.964,929.906,1467.217,0.243,0.157,0.019,0.126,0.035,0.031,0.003,0.018,2064.152,4489.251,931.123,1475.83,--,--,0.105,1.873,0.03,0.071,0.096,2.138,0.023,0.062,0.068,0.429,0.005,0.04,200.42,163.326,117.395,162.568,0.024,0.006,0.002,0.014,0.003,2.292,0,0.002,202.045,163.81,117.549,163.522,--,--,0.625,0.527,0.337,1423.299,0.118,0.017,1431.286,--,19483067.58,343902.57,21653796.25,52716469,2308985,2264358.366,0,510493.88,0,41650.84,0,94238886.23,5083837.246,2774852.246,43786775.6,55535947.88,19.6159216,0.3462476,21.8014524,53.0759399,2.3247298,2.2797989,0,0.5139749,0,0.0419349,0,94.8814963,5.1185037,2.7937738,44.0853554,55.9146446,11567270.7,3592.001,15267304.83,0,0,407129.7266,0,0,0,0,0,42.4560268,0.0131839,56.0364774,0,0,1.4943119,0,0,0,0,0
SD,46,5803.8,35590573.37,18260628.62,118591225.4,49620291.61,12616395.68,5200685.616,1374.217,719.634,966.248,3260152.787,590135.596,84895.915,3280178.976,--,0.218,0.277,0.153,516.812,0.047,0.007,519.987,--,0.077,0.079,0.054,183.203,0.017,0.002,184.329,--,0.782,0.994,0.55,1855.812,0.168,0.024,--,0.854,22.918,0.617,0.782,0.912,18.033,0.648,0.817,0.814,11.332,0.009,0.55,2253.263,3751.105,1057.202,1855.812,0.242,0.152,0.019,0.168,0.035,0.03,0.002,0.024,2269.831,3763.957,1058.239,1867.212,--,--,0.079,0.998,0.069,0.077,0.084,0.957,0.068,0.079,0.076,0.493,0.001,0.054,209.76,163.326,118.926,183.203,0.023,0.007,0.002,0.017,0.003,2.646,0,0.002,211.303,163.885,119.043,184.329,--,--,0.777,0.816,0.373,1596.954,0.118,0.017,1604.877,--,2339336.7,6396.188,1167718.815,0,6266270,0,2835002,1672,0,0,0,3513451.703,9102944,2836674,3513451.703,9102944,18.5420365,0.0506974,9.2555659,0,49.6676717,0,22.4707759,0.0132526,0,0,0,27.8482998,72.1517002,22.4840285,27.8482998,72.1517002,807948.119,1492.679,1017749.342,0,0,0,0,0,0,0,0,44.2180647,0.0816926,55.7002427,0,0,0,0,0,0,0,0
TN,47,28022.1,347340876.4,168590253.6,821455175.4,371377335.6,81539017.66,36741805.3,14859.23,4858.015,14837.352,30315552.3,5691336.919,828135.262,30510086.16,--,0.364,0.264,0.364,743.584,0.07,0.01,748.355,--,0.086,0.058,0.085,174.558,0.016,0.002,175.678,--,0.838,0.608,0.836,1708.826,0.16,0.023,--,1.145,33.819,0.307,0.83,0.761,33.762,0.245,0.568,1.214,3.124,0.147,0.81,2159.982,1771.915,1045.909,1738.287,0.244,0.071,0.025,0.161,0.036,0.014,0.003,0.023,2176.72,1777.942,1047.393,1749.251,--,--,0.108,3.14,0.036,0.084,0.07,3.138,0.029,0.057,0.114,0.29,0.017,0.082,203.428,164.492,122.445,176.796,0.023,0.007,0.003,0.016,0.003,2.645,0,0.002,205.004,165.051,122.618,177.911,--,--,0.659,0.524,0.671,1712.503,0.153,0.022,1.72E+03,--,20966713.01,121671.685,13390688.18,36176382,9672881,982446.667,41009,167594,0,19379.544,252.546,70675086.97,10863930.67,1191049.667,35481151.64,46057866,25.7137179,0.149219,16.4224301,44.3669584,11.8628864,1.2048792,0.0502937,0.2055384,0,0.0237672,3.10E-04,86.6764023,13.3235977,1.4607113,43.5143232,56.4856768,14976216.4,1584.008,11864233.84,0,0,294376.1916,0,0,0,0,0,55.188642,5.84E-03,43.7207193,0,0,1.0848015,0,0,0,0,0
TX,48,191884.5,3018377984,1513365448,4180721467,1999242080,476834935.7,226944838.2,144293.81,69788.492,213361.259,233425577.1,32819521.56,4606426.313,234522178.6,--,0.605,0.615,0.895,979.062,0.069,0.01,983.662,--,0.096,0.092,0.141,154.67,0.011,0.002,155.396,--,0.811,0.825,1.2,1312.73,0.092,0.013,--,1.346,3.648,0.563,0.81,1.315,3.906,0.565,0.79,3.724,10.213,0.007,1.204,2254.9,2274.302,883.7,1320.989,0.253,0.057,0.016,0.092,0.037,0.01,0.002,0.013,2272.211,2278.554,884.592,1327.145,--,--,0.125,0.261,0.076,0.095,0.121,0.269,0.074,0.092,0.345,0.73,0.001,0.142,209.143,162.483,118.692,155.639,0.023,0.004,0.002,0.011,0.003,1.36,0,0.002,210.749,162.787,118.812,156.364,--,--,0.858,0.823,1.168,1298.884,0.085,0.012,1304.509,--,111722643.2,129312.922,239212716.9,41185739,1126378,1590081.873,75683313.19,3205647,0,2528334.96,450770.5,395229517.5,81605420.06,80479042.06,355633860.4,121201077.2,23.4300456,0.027119,50.1667764,8.6373157,0.2362197,0.3334659,15.8720151,0.672276,0,0.5302327,0.0945339,82.8860233,17.1139767,16.877757,74.5821735,25.4178265,50351990.96,154931.8876,125688896.7,0,0,405280.2982,0,0,0,2060400.783,0,28.1828994,0.0867181,70.3502972,0,0,0.2268425,0,0,0,1.1532427,0
UT,49,11494.5,336196399,148638848.1,378288609,168786789.1,39375424,17728816,32131.486,13762.375,14632.501,31461115.76,6564544.793,948140.715,31684411.55,--,1.632,1.553,0.743,1598.008,0.167,0.024,1609.35,--,0.191,0.185,0.087,187.159,0.02,0.003,188.488,--,1.837,1.747,0.837,1798.583,0.188,0.027,--,2.33,26.297,0.401,1.846,2.298,26.344,0.39,1.774,1.116,2.252,0.006,0.837,2115.559,1268.425,911.782,1813.026,0.247,0.051,0.017,0.189,0.036,0.01,0.002,0.027,2132.456,1272.768,912.711,1825.91,--,--,0.226,3.386,0.052,0.191,0.226,3.381,0.049,0.185,0.108,0.29,0.001,0.087,205.298,163.326,117.718,187.653,0.024,0.007,0.002,0.02,0.003,2.645,0,0.003,206.938,163.885,117.838,188.986,--,--,1.545,1.475,0.413,1604.02,0.152,0.022,1614.297,--,25912474.09,36573.57,8724119.384,0,927097,79460,794555,2223706,445737,6559.302,225143,34904869.35,4470555,3543458,34984329.35,4391095,65.8087488,0.0928843,22.1562549,0,2.3545067,0.201801,2.0178957,5.6474464,1.1320183,0.0166584,0.5717856,88.6463319,11.3536681,8.9991614,88.8481329,11.1518671,8452330.154,786.998,5753680.293,0,0,4105.900404,0,0,0,0,0,59.4777823,5.54E-03,40.4877871,0,0,0.0288926,0,0,0,0,0
VA,51,35922.1,551129386.7,258561195.5,879994974.7,399406782.5,94558960.37,42822419.82,21628.607,8299.304,10934.65,34955851.17,6007125.612,824310.803,35121297.81,--,0.457,0.388,0.231,739.345,0.064,0.009,742.844,--,0.078,0.064,0.04,126.852,0.011,0.001,127.452,--,0.675,0.572,0.341,1091.154,0.094,0.013,--,1.994,3.763,0.186,0.573,1.304,3.645,0.191,0.461,0.512,11.183,0.025,0.257,1874.756,1899.748,914.802,1108.907,0.202,0.167,0.018,0.054,0.029,0.026,0.002,0.007,1888.589,1911.612,915.792,1112.464,--,--,0.194,0.361,0.024,0.07,0.133,0.357,0.024,0.056,0.05,1.073,0.003,0.031,182.333,182.209,119.315,135.285,0.02,0.016,0.002,0.007,0.003,4.95,0,0.001,183.679,183.347,119.444,135.719,--,--,0.862,0.805,0.529,1241.02,0.108,0.015,1247.061,--,8756142.265,946606.989,49724077.46,29251668,472884,4644509.621,0,763072,0,0,0,88678494.71,5880465.621,5407581.621,64071336.33,30487624,9.2599815,1.0010759,52.5852624,30.9348452,0.5000943,4.9117605,0,0.8069801,0,0,0,93.7811651,6.2188349,5.7187406,67.7580804,32.2419196,7944133.74,745606.106,19732569.76,0,0,1881495.337,0,0,0,0,0,26.2149712,2.4604373,65.1158156,0,0,6.2087759,0,0,0,0,0
VT,50,865.9,6503155.584,2301163.588,22408281.58,7212625.586,2175006.475,695674.584,252.007,85.177,42.001,49075.86,419860.307,55132.88,62538.653,--,0.232,0.245,0.039,45.127,0.193,0.025,57.507,--,0.078,0.074,0.013,15.093,0.065,0.008,19.233,--,1.17,1.237,0.195,227.92,0.975,0.128,--,0,14.447,0,14.447,0,7.105,0,7.105,0,8.24,0,8.24,0,3813.446,0,3813.446,0,0.154,0,0.154,0,0.031,0,0.031,0,3826.459,0,3826.459,--,--,0,0.617,0,0.617,0,0.291,0,0.291,0,0.352,0,0.352,0,162.837,0,162.837,0,0.007,0,0.007,0,2.628,0,0.001,0,163.392,0,163.392,--,--,1.288,1.218,0.151,388.933,0.971,0.128,451.254,--,0,3131.61,1796.633,0,1268189,426008.232,373346,102831,0,0,-296,4632.243,2170374.232,902185.232,430640.475,1744366,0,0.143962,0.0825923,0,58.2994326,19.5838619,17.1629465,4.7272047,0,0,0,0.2129471,99.7734456,41.474013,19.7968089,80.1895837,0,2199,0,0,0,145226.4148,0,0,0,0,0,0,1.4916017,0,0,0,98.5083983,0,0,0,0,0
WA,53,34271.2,162233129,81461937.97,1073274621,468809586,116746864.3,51485445.5,9525.024,4178.348,2838.466,11593795.37,2446278.082,354268.449,11677159.84,--,0.163,0.162,0.049,198.614,0.021,0.003,200.042,--,0.117,0.103,0.035,142.928,0.015,0.002,143.955,--,1.045,1.04,0.311,1272.294,0.134,0.019,--,2.308,38.307,0.312,0.973,2.272,38.075,0.276,0.813,0.568,1.844,0.007,0.193,2484.322,1859.532,862.758,1398.896,0.27,0.057,0.017,0.1,0.039,0.01,0.002,0.014,2502.791,1863.873,863.667,1405.611,--,--,0.195,2.919,0.043,0.111,0.193,2.92,0.038,0.096,0.048,0.141,0.001,0.022,209.76,141.712,118.688,159.297,0.023,0.004,0.002,0.011,0.003,1.498,0,0.002,211.319,142.042,118.813,160.062,--,--,1.108,0.924,0.314,1.38E+03,0.124,0.018,1384.833,--,5382866.083,23515.051,10525354.7,9708441,80911613.83,1863588.353,7900094,1695,0,430840.01,-1144,26069872.85,90676991.18,9765377.353,18225020.2,98521843.83,4.6106706,0.0201417,9.0154469,8.315723,69.304492,1.5962485,6.7667913,1.45E-03,0,0.3690341,0,22.3300365,77.6689836,8.3644916,15.610562,84.3884581,4080336.919,410,7208657.412,0,0,869026.384,0,0,0,0,0,33.5597333,3.37E-03,59.2893736,0,0,7.147521,0,0,0,0,0
WI,55,23499.3,504867318.7,224469451.4,647832401.7,283404634.4,65802102.2,28237748.17,18137.929,7826.502,13210.893,45629356.27,9079267.428,1311274.454,45938227.01,--,0.551,0.554,0.402,1386.866,0.138,0.02,1396.254,--,0.072,0.07,0.052,180.758,0.018,0.003,181.981,--,0.703,0.707,0.512,1768.321,0.176,0.025,--,0.816,0.782,0.233,0.626,0.81,0.66,0.273,0.628,0.638,2.511,0.104,0.47,2255.197,1773.067,904.221,1814.148,0.248,0.198,0.018,0.173,0.036,0.03,0.002,0.025,2272.153,1786.801,905.249,1825.912,--,--,0.075,0.077,0.031,0.064,0.075,0.066,0.032,0.063,0.059,0.246,0.014,0.048,208.425,173.804,118.796,185.605,0.023,0.019,0.002,0.018,0.003,5.785,0,0.003,209.992,175.15,118.931,186.809,--,--,0.696,0.721,0.535,1676.438,0.162,0.023,1687.389,--,33322379.57,137511.329,16667862.37,10129122,2392009.55,1448335.346,1637658,35772.91,0,8229.661,23220.83,60288325.76,5513775.806,3121766.256,51607539.1,14194562.46,50.6402969,0.2089771,25.3302888,15.3933108,3.6351568,2.2010472,2.4887625,0.0543644,0,0.0125067,0.0352889,91.6206691,8.3793309,4.7441741,78.4284056,21.5715944,15039725.74,147162.998,10675343.25,0,0,781765.5393,0,0,0,0,0,56.4469567,0.5523308,40.0665975,0,0,2.934115,0,0,0,0,0
WV,54,20674.5,642885253.4,304190645.8,675870780.4,316056785.8,67249024.77,31082955.07,40103.865,16322.236,51424.637,65429380.98,15329632.48,2228919.082,65953110.33,--,1.193,1.05,1.529,1945.883,0.228,0.033,1961.459,--,0.125,0.107,0.16,203.549,0.024,0.003,205.178,--,1.261,1.11,1.616,2056.512,0.241,0.035,--,1.271,0,0.611,1.26,1.106,0,0.62,1.096,1.642,0,0.007,1.616,2068.662,0,1279.158,2056.139,0.244,0,0.024,0.241,0.036,0,0.003,0.035,2085.363,0,1280.527,2072.597,--,--,0.126,0,0.057,0.125,0.108,0,0.056,0.107,0.163,0,0.001,0.16,204.996,0,119.165,203.549,0.024,0,0.002,0.024,0.004,0,0,0.003,206.651,0,119.293,205.178,--,--,1.149,1.04,1.533,2061.093,0.237,0.034,2077.299,--,62038836.15,158884.967,1420390.437,0,1847643,0,1769984,0,0,24844.928,-11558,63631398.48,3617627,1769984,63631398.48,3617627,92.2365417,0.236223,2.1117724,0,2.7469922,0,2.6315323,0,0,0.0369383,0,94.6042915,5.3785246,2.6315323,94.6042915,5.3785246,23843173.76,0,973953.6753,0,0,0,0,0,0,0,0,96.0754778,0,3.9245222,0,0,0,0,0,0,0,0
WY,56,14146.4,454404605.7,189584376.9,500301734.7,207525575.9,46112136.17,19047932.28,36122.768,15072.544,31137.698,47228022.41,10366285.14,1507079.882,47582155.88,--,1.567,1.583,1.351,2048.399,0.225,0.033,2063.758,--,0.159,0.159,0.137,207.868,0.023,0.003,209.426,--,1.759,1.777,1.516,2299.406,0.252,0.037,--,1.701,33.584,3.789,1.762,1.716,33.757,3.103,1.768,1.557,3.046,0.009,1.515,2346.854,1714.508,983.198,2304.338,0.259,0.069,0.018,0.253,0.038,0.014,0.002,0.037,2364.59,1720.386,984.2,2321.617,--,--,0.152,3.199,0.457,0.159,0.153,3.203,0.358,0.159,0.139,0.29,0.001,0.137,209.551,163.326,118.494,208.084,0.023,0.007,0.002,0.023,0.003,2.645,0,0.003,211.135,163.886,118.614,209.645,--,--,1.753,1.75,1.608,2.26E+03,0.252,0.037,2282.141,--,39679287.04,40135.689,896122.29,0,975701.71,0,4057158,824,0,377640.81,85266.439,41078452.27,5033683.71,4057982,41078452.27,5033683.71,86.0495533,0.0870393,1.9433545,0,2.1159326,0,8.7984603,1.79E-03,0,0.8189619,0.1849111,89.0838201,10.9161799,8.8002473,89.0838201,10.9161799,10943656.95,197,222812.533,0,0,0,0,0,0,194766.2543,0,96.32286,1.73E-03,1.9611306,0,0,0,0,0,0,1.7142755,0
