PSTATABB,FIPSST,NAMEPCAP,STHTIAN,STHTIOZ,STHTIANT,STHTIOZT,STNGENAN,STNGENOZ,STNOXAN,STNOXOZ,STSO2AN,STCO2AN,STCH4AN,STN2OAN,STCO2EQA,STHGAN,STNOXRTA,STNOXRTO,STSO2RTA,STCO2RTA,STCH4RTA,STN2ORTA,STC2ERTA,STHGRTA,STNOXRA,STNOXRO,STSO2RA,STCO2RA,STCH4RA,STN2ORA,STC2ERA,STHGRA,STNOXCRT,STNOXCRO,STSO2CRT,STCO2CRT,STCH4CRT,STN2OCRT,STHGCRT,STCNOXRT,STONOXRT,STGNOXRT,STFSNXRT,STCNXORT,STONXORT,STGNXORT,STFSNORT,STCSO2RT,STOSO2RT,STGSO2RT,STFSS2RT,STCCO2RT,STOCO2RT,STGCO2RT,STFSC2RT,STCCH4RT,STOCH4RT,STGCH4RT,STFCH4RT,STCN2ORT,STON2ORT,STGN2ORT,STFN2ORT,STCC2ERT,STOC2ERT,STGC2ERT,STFSC2ERT,STCHGRT,STFSHGRT,STCNOXR,STONOXR,STGNOXR,STFSNXR,STCNXOR,STONXOR,STGNXOR,STFSNOR,STCSO2R,STOSO2R,STGSO2R,STFSS2R,STCCO2R,STOCO2R,STGCO2R,STFSC2R,STCCH4R,STOCH4R,STGCH4R,STFCH4R,STCN2OR,STON2OR,STGN2OR,STFN2OR,STCC2ER,STOC2ER,STGC2ER,STFSC2ER,STCHGR,STFSHGR,STNBNOX,STNBNXO,STNBSO2,STNBCO2,STNBCH4,STNBN2O,STNBC2E,STNBHG,STGENACL,STGENAOL,STGENAGS,STGENANC,STGENAHY,STGENABM,STGENAWI,STGENASO,STGENAGT,STGENAOF,STGENAOP,STGENATN,STGENATR,STGENATH,STGENACY,STGENACN,STCLPR,STOLPR,STGSPR,STNCPR,STHYPR,STBMPR,STWIPR,STSOPR,STGTPR,STOFPR,STOPPR,STTNPR,STTRPR,STTHPR,STCYPR,STCNPR,STNBGNCL,STNBGNOL,STNBGNGS,STNBGNNC,STNBGNHY,STNBGNBM,STNBGNWI,STNBGNSO,STNBGNGT,STNBGNOF,STNBGNOP,STNBCLPR,STNBOLPR,STNBGSPR,STNBNCPR,STNBHYPR,STNBBMPR,STNBWIPR,STNBSOPR,STNBGTPR,STNBOFPR,STNBOPPR
AK,02,3471.2,40386706.45,16302311.74,56974540.45,23282904.74,6244300.149,2564103.15,18874.765,7774.113,3094.371,2833421.627,419478.856,58308.338,2847353.058,--,6.045,6.064,0.991,907.523,0.067,0.009,911.985,--,0.935,0.954,0.153,140.315,20.773,2.888,141.004,--,8.531,8.557,1.399,1280.625,0.095,0.013,--,2.484,18.352,7.228,8.586,2.538,19.708,7.171,8.702,5.954,2.817,0.028,1.405,2179.98,1577.023,1017.489,1289.986,492.809,507.43,38.385,191.026,71.809,73.345,3.839,26.55,2196.84,1594.294,1018.54,1296.33,--,--,0.241,1.916,0.83,0.944,0.247,2.005,0.837,0.963,0.579,0.294,0.003,0.154,211.84,164.639,116.89,141.806,47.889,52.975,4.41,20.999,6.978,7.657,0.441,2.919,213.478,166.442,117.011,142.503,--,--,9.03,9.162,1.264,1304.399,0.103,0.014,1311.272,--,628564.073,806220.119,2947902.055,0,1664225,45473.905,155015,0,0,0,-3100,4379586.247,1864713.905,200488.905,4425060.152,1819240,10.06121039,12.90489002,47.18606113,0,26.63868104,0.727885263,2.481272149,0,0,0,0,70.1025409,29.84783845,3.209157411,70.83042617,29.11995319,410985.6971,770162.9685,2045563.224,0,0,26747.64264,0,0,0,0,0,12.63226707,23.67212381,62.87347986,0,0,0.822129256,0,0,0,0,0
AL,01,38715.8,803815975.7,383420061.4,1321250109,611455873.4,143221259.2,65941498.23,26924.67,12280.042,16787.05,61869276.79,9035485.963,1323255.72,62179385.47,--,0.376,0.372,0.234,863.968,0.063,0.009,868.298,--,0.067,0.064,0.042,153.939,22.481,3.292,154.71,--,0.584,0.578,0.364,1341.222,0.098,0.014,--,1.017,36.197,0.18,0.571,1.017,36.247,0.157,0.555,0.571,3.436,0.058,0.298,1995.424,1934.766,846.989,1383.606,372.604,156.696,40.743,195.807,53.789,31.34,5.022,27.809,2008.096,1941.395,848.246,1390.197,--,--,0.096,3.056,0.025,0.065,0.094,3.056,0.022,0.062,0.054,0.29,0.008,0.034,188.75,163.326,116.57,157.038,35.245,13.228,5.607,22.224,5.088,2.646,0.691,3.156,189.949,163.885,116.743,157.786,--,--,0.648,0.611,0.421,1264.594,0.077,1.10E-02,1269.76,--,31266479.93,65703.542,57474724.41,39462827,11143139,3446379.028,0,357252,0,4803.665,-49,128274489.5,14946770.03,3803631.028,92258041.57,50963218,21.83088553,0.045875535,40.13000927,27.55374001,7.780363907,2.406331196,0,0.249440536,0,3.35E-03,0,89.56383015,10.43613564,2.655771732,64.41642134,35.58354445,17457395.64,773,24665361.75,0,0,1159128.637,0,0,0,0,0,40.33346387,1.79E-03,56.98670624,0,0,2.678043964,0,0,0,0,0
AR,05,19658.8,464166263,222119307.6,626495146,291471066.6,67999351.64,31399080.78,23375.902,11309.204,54506.421,41184878.9,7744387.535,1132979.1,41450497.62,--,0.688,0.72,1.603,1211.332,0.114,0.017,1219.144,--,0.101,0.102,0.235,177.457,33.369,4.882,178.602,--,0.899,0.942,2.095,1583.239,0.149,0.022,--,1.366,0,0.189,0.891,1.421,0,0.228,0.917,3.449,0,0.005,2.058,2174.99,0,830.623,1632.164,485.381,0,32.542,302.535,70.608,0,3.254,43.412,2191.578,0,831.514,1642.414,--,--,0.131,0,0.027,0.099,0.135,0,0.032,0.1,0.331,0,0.001,0.228,208.935,0,118.847,180.777,46.627,0,4.656,33.508,6.783,0,0.466,4.808,210.529,0,118.975,181.912,--,--,0.797,0.806,1.764,1323.63,0.104,1.50E-02,1330.733,--,29996100.57,35517.118,20623704.69,12720818,3049020,1365690.705,0,203413,0,5087.399,0,63381227.77,4618123.705,1569103.705,52026100.48,15973251,44.1123333,0.052231554,30.32926674,18.70726371,4.483895704,2.008387838,0,0.299139618,0,7.48E-03,0,93.20857684,6.79142316,2.307527456,76.50970097,23.49029903,8039098.938,0,13304541.27,0,0,800811.7029,0,0,0,0,0,36.30299349,0,60.08069798,0,0,3.616308527,0,0,0,0,0
AZ,04,40198.4,654785774.9,330763897.4,1095289800,530704055.4,111639090,54507292.07,35721.472,17481.754,16552.973,53979981.05,8608809.219,1226121.338,54270283.25,--,0.64,0.641,0.297,967.044,0.077,0.011,972.245,--,0.109,0.106,0.051,164.878,26.295,3.745,165.765,--,1.052,1.055,0.488,1590.019,0.127,0.018,--,1.851,28.068,0.399,1.047,1.919,28.4,0.423,1.008,1.075,13.878,0.015,0.488,2323.051,4584.231,1008.183,1594.527,510.932,371.279,36.33,247.969,74.328,74.259,4.048,35.388,2340.513,4599.946,1009.241,1602.9,--,--,0.165,1,0.048,0.109,0.169,1.003,0.05,0.105,0.096,0.494,0.002,0.051,207.169,163.326,120.94,165.764,45.565,13.228,4.358,25.778,6.629,2.646,0.486,3.679,208.726,163.886,121.067,166.635,--,--,0.884,0.857,0.363,1439.098,0.096,0.014,1445.519,--,30744622.8,49945.918,36887015.66,31097259,6977716,219494.51,530190,5135382.03,0,0,-2536,98776307.38,12862782.54,5885066.54,67898542.89,43740547.03,27.53867345,0.04473772,33.04055755,27.8545379,6.250102453,0.196606336,0.47490351,4.599881082,0,0,0,88.47623507,11.52149338,5.271390928,60.8183035,39.17942494,13011009.65,147,27518354.41,0,0,16620.3948,0,0,0,0,0,32.08939838,3.63E-04,67.86924775,0,0,0.040991321,0,0,0,0,0
CA,06,107911.7,750125615.5,340436523,1662719097,808690465,195212859.6,94288173.5,36813.254,15921.137,3489.275,41032693.19,5211086.999,637904.358,41192731.56,--,0.377,0.338,0.036,420.389,0.027,0.003,422.029,--,0.098,0.094,0.009,109.402,13.894,1.701,109.829,--,0.75,0.672,0.071,836.174,0.053,0.006,--,1.198,8.454,0.623,0.619,1.241,8.748,0.602,0.602,0.002,0.59,0.008,0.009,1148.578,1934.834,857.489,857.588,258.533,34.453,32.774,33.316,37.546,6.554,3.286,3.383,1157.405,1936.241,858.385,858.505,--,--,0.215,0.859,0.085,0.085,0.217,0.871,0.081,0.081,0,0.06,0.001,0.001,206.001,196.608,117.582,117.955,46.369,3.501,4.494,4.582,6.734,0.666,0.451,0.465,207.584,196.751,117.705,118.081,--,--,0.685,0.639,0.022,871.488,0.04,0.005,873.871,--,281328.14,68101.16,89590174.86,18213519,26182092.56,6086864.627,14023950.8,26972511,11676841,1453960.386,663516.11,110270599.7,84942259.99,58760167.43,98143945.28,97068914.36,0.144113528,0.034885591,45.89358253,9.33008155,13.41207368,3.118065397,7.183927752,13.81697448,5.981594154,0.744807688,0.339893648,56.48736454,43.51263546,30.10056178,50.27534839,49.72465161,128051.0095,98305.2173,52679471.77,0,0,1914588.44,0,0,0,462649.3272,0,0.231627909,0.177821573,95.29043124,0,0,3.463245776,0,0,0,0.8368735,0
CO,08,20535.2,422528792.4,189764077.8,538256584.4,235813076.8,55375731.38,24224579.4,19738.783,8795.325,11442.821,37726616.39,7195784.451,1031894.452,37970315.97,--,0.713,0.726,0.413,1362.569,0.13,0.019,1371.37,--,0.093,0.093,0.054,178.575,34.061,4.884,179.729,--,0.918,0.935,0.532,1754.5,0.167,0.024,--,1.281,26.258,0.307,0.916,1.303,17.664,0.311,0.91,0.851,11.99,0.005,0.534,2220.381,3983.687,1004.44,1763.68,510.488,322.638,36.14,332.281,74.227,64.527,3.618,47.701,2237.822,3997.335,1005.431,1774.941,--,--,0.12,1.077,0.036,0.093,0.122,1.066,0.036,0.092,0.08,0.492,0.001,0.054,208.357,163.326,118.808,179.418,47.903,13.228,4.275,33.803,6.965,2.646,0.428,4.853,209.993,163.885,118.925,180.564,--,--,0.801,0.794,0.359,1534.144,0.12,0.017,1542.179,--,26382060.06,11858.446,16387916.48,0,1562647,164427.339,9745150,1062380.23,0,0,59292,42841126.98,12534604.57,10971957.57,43005554.32,12370177.23,47.64191699,0.021414518,29.5940406,0,2.821898612,0.296930324,17.59823252,1.918494258,0,0,0.107072175,77.36444428,22.63555572,19.81365711,77.66137461,22.33862539,9070076.796,3685,11952434.85,0,0,40124.45604,0,0,0,0,0,43.05486825,0.017492376,56.73717206,0,0,0.190467314,0,0,0,0,0
CT,09,12773,172661212.3,75679416.97,355289233.3,156160107,39453552.52,17307979.24,5325.09,2199.653,985.39,9988991.679,1954968.279,249457.348,10050464.43,--,0.27,0.254,0.05,506.367,0.05,0.006,509.483,--,0.062,0.058,0.011,115.706,22.645,2.89,116.418,--,0.486,0.458,0.09,912.428,0.089,0.011,--,1.537,4.761,0.238,0.287,2.443,3.974,0.234,0.256,2.1,3.565,0.019,0.074,2363.386,2475.467,843.032,877.728,588.998,159.669,31.597,41.376,85.835,30.335,3.236,4.736,2383.538,2481.982,843.896,878.938,--,--,0.136,0.295,0.033,0.039,0.15,0.226,0.032,0.035,0.186,0.221,0.003,0.01,209.734,153.267,117.585,120.373,52.27,9.886,4.407,5.674,7.617,1.878,0.451,0.649,211.522,153.67,117.705,120.539,--,--,0.678,0.569,0.231,1016.741,0.095,0.012,1022.815,--,329700.82,338957.301,20006457.56,16881492,558790.17,1220303.727,12295,105555,0,0,0,37556607.68,1896943.897,1338153.727,21895419.41,17558132.17,0.835668291,0.859130009,50.7088887,42.78826956,1.416324127,3.093013628,0.031163227,0.267542454,0,0,0,95.19195656,4.808043437,3.391719309,55.49670063,44.50329937,332995,129221.997,5960475.77,0,0,339897.2022,0,0,0,0,0,4.92407497,1.910835901,88.13894968,0,0,5.026139449,0,0,0,0,0
DC,11,42.8,281179.965,159660.132,281179.965,159660.132,74889,8090,44.107,25.045,0.449,16433.431,619.896,61.99,16450.416,--,1.178,6.192,0.012,438.874,0.008,0.001,439.328,--,0.314,0.314,0.003,116.889,4.409,0.441,117.01,--,1.178,6.192,0.012,438.874,0.008,0.001,--,0,0,4.813,4.813,0,0,6.192,6.192,0,0,0.049,0.049,0,0,1793.26,1793.26,0,0,67.645,67.645,0,0,6.765,6.765,0,0,1795.113,1795.113,--,--,0,0,0.314,0.314,0,0,0.314,0.314,0,0,0.003,0.003,0,0,116.889,116.889,0,0,4.409,4.409,0,0,0.441,0.441,0,0,117.01,117.01,--,--,4.813,6.192,0.049,1793.26,0.034,0.003,1795.113,--,0,0,18328,0,0,56561,0,0,0,0,0,18328,56561,56561,74889,0,0,0,24.47355419,0,0,75.52644581,0,0,0,0,0,24.47355419,75.52644581,75.52644581,100,0,0,0,18328,0,0,0,0,0,0,0,0,0,0,100,0,0,0,0,0,0,0,0
DE,10,4014.7,46636127.28,22843239.07,47137581.28,23069095.07,6240644.191,2960720.19,1391.204,656.272,689.932,2802853.67,213194.475,27378.067,2809493.067,--,0.446,0.443,0.221,898.258,0.034,0.004,900.386,--,0.06,0.057,0.03,120.201,9.143,1.174,120.486,--,0.45,0.447,0.223,906.244,0.034,0.004,--,0.987,0.423,0.098,0.345,0.911,0.365,0.153,0.361,3.183,0.147,0.004,0.266,2247.166,1067.721,749.136,1025.097,752.305,43.075,33.517,79.008,109.828,5.016,3.506,10.293,2272.934,1069.007,749.955,1027.577,--,--,0.09,0.048,0.014,0.041,0.086,0.041,0.02,0.041,0.29,0.017,0.001,0.032,205.021,121.432,103.1,122.092,68.637,4.899,4.613,9.41,10.02,0.57,0.483,1.226,207.372,121.579,103.213,122.388,--,--,0.487,0.474,0.28,987.016,0.04,0.005,989.557,--,273388.13,200823.91,5400154.917,0,0,59101,5207,49788.71,0,252180.27,0,6126547.227,114096.71,114096.71,6185648.227,54995.71,4.380767959,3.217999809,86.53201451,0,0,0.947033681,0.083436903,0.797813663,0,4.040933477,0,98.17171575,1.828284247,1.828284247,99.11874943,0.881250566,279740,2782431.562,993396.6225,0,0,30369.30152,0,0,0,0,0,6.846409202,68.09775165,24.31257517,0,0,0.743263979,0,0,0,0,0
FL,12,105450.1,1713314536,822509693.7,2055804587,961633112.7,243456187.4,113523349.9,44327.513,21452.856,33791.034,114827502.5,16505169.57,2220650.933,115364694.1,--,0.364,0.378,0.278,943.311,0.068,0.009,947.724,--,0.052,0.052,0.039,134.041,19.267,2.592,134.668,--,0.419,0.435,0.32,1085.754,0.078,0.01,--,0.798,2.337,0.216,0.337,0.861,2.835,0.227,0.352,1.345,0.996,0.031,0.302,2003.453,1154.467,869.773,1102.776,382.809,136.008,34.487,106.082,55.557,24.796,3.635,14.309,2016.516,1159.861,870.745,1106.235,--,--,0.076,0.269,0.03,0.042,0.078,0.194,0.031,0.043,0.128,0.115,0.004,0.038,189.873,132.758,119.368,138.58,36.28,15.64,4.733,13.331,5.265,2.851,0.499,1.798,191.111,133.378,119.502,139.014,--,--,0.42,0.436,0.366,1136.321,0.071,0.01,1140.927,--,30249684.8,2071272.004,171122438.2,29312349,232574,6581993.901,0,2394592.98,0,34036.518,1457245.097,234247025.6,9209160.881,8976586.881,211516670.5,31939515.98,12.42510418,0.850778135,70.28880254,12.04009207,0.095530125,2.703564036,0,0.98358272,0,0.013980552,0.598565647,96.21732312,3.782676881,3.687146755,86.88079509,13.11920491,32144480.35,59020,108063323.8,0,0,2435148.325,0,0,0,0,0,22.5256034,0.041358924,75.72658031,0,0,1.70645737,0,0,0,0,0
GA,13,52506.8,777681893.9,379076436,1188814983,550162043.1,129232893.3,58411024.47,28765.293,8404.574,19639.371,59863745.89,10200652.31,1490728.617,60213372.61,--,0.445,0.288,0.304,926.448,0.079,0.012,931.858,--,0.074,0.044,0.051,153.954,26.233,3.834,154.853,--,0.642,0.415,0.438,1335.22,0.114,0.017,--,1.402,2.706,0.114,0.614,0.698,1.822,0.144,0.361,0.855,1.708,0.006,0.335,2281.924,1335.036,883.234,1419.696,502.063,120.904,33.236,212.871,73.043,20.98,3.361,30.073,2299.083,1339.673,884.151,1426.838,--,--,0.127,0.402,0.015,0.07,0.064,0.307,0.018,0.039,0.078,0.254,0.001,0.038,207.324,198.22,119.047,161.515,45.615,17.951,4.48,24.218,6.636,3.115,0.453,3.421,208.883,198.908,119.171,162.328,--,--,0.858,0.543,0.567,1584.457,0.141,0.02,1.59E+03,--,32180554.5,435733.914,51969437.21,34362676,3208114,4997242.142,0,1993346,0,79624.316,6164.592,119034190.5,10198702.14,6990588.142,89668756.68,39564136,24.90121039,0.337169512,40.21378469,26.58972905,2.482428377,3.866850024,0,1.542444774,0,0.061613042,4.77E-03,92.10827682,7.891723176,5.409294799,69.3853978,30.6146022,19088818.27,238651.699,17847091.67,0,0,1867348.282,0,0,0,0,0,48.89314665,0.611270554,45.71265008,0,0,4.782932714,0,0,0,0,0
HI,15,3618.7,92425415.08,39392032.61,101480690.1,43076550.61,9796772.998,4226953.066,22875.103,10220.779,33645.97,7412844.573,1589628.309,243381.827,7468974.166,--,4.67,4.836,6.869,1513.324,0.162,0.025,1524.783,--,0.495,0.519,0.728,160.407,34.398,5.267,161.622,--,5.197,5.382,7.644,1684.038,0.181,0.028,--,0.986,6.064,0,5.232,2.361,5.983,0,5.414,10.58,7.594,0,8.083,2338.064,1616.234,0,1734.483,541.341,189.436,0,247.084,78.558,33.523,0,40.901,2356.536,1623.597,0,1743.665,--,--,0.09,0.613,0,0.52,0.217,0.609,0,0.541,0.966,0.768,0,0.803,213.378,163.395,0,172.308,49.404,19.151,0,24.546,7.169,3.389,0,4.063,215.063,164.139,0,173.22,--,--,6.369,6.337,7.421,1640.312,0.153,0.024,1651.411,--,1311203,6748947.181,0,0,96520,498867.981,601934,184576.12,110089,55721.626,188914.03,8304785.837,1491987.101,1395467.101,8803653.818,993119.12,13.3840297,68.88949273,0,0,0.985222385,5.092166412,6.144206912,1.884050199,1.123727177,0.568775314,1.928329167,84.77062692,15.22937308,14.2441507,89.86279333,10.13720667,119342.8323,4242707.306,0,0,0,313549.6524,0,0,0,0,0,2.552460383,90.74145555,0,0,0,6.706084063,0,0,0,0,0
IA,19,25145.5,348491278.2,163641869.7,602502101.2,250898114.7,63191960.4,26331933.8,23707.614,10443.946,34518.109,33804670.75,6918198.514,1001067.912,34040307.36,--,0.75,0.793,1.092,1069.904,0.109,0.016,1077.362,--,0.136,0.128,0.198,194.006,39.704,5.745,195.358,--,1.315,1.39,1.915,1875.358,0.192,0.028,--,1.55,2.806,0.191,1.306,1.478,2.095,0.2,1.217,2.365,0.687,0.008,1.921,2098.035,1073.395,959.654,1882.62,466.522,96.333,36.636,385.264,67.833,15.876,3.814,55.749,2113.974,1076.965,960.68,1895.742,--,--,0.154,0.474,0.023,0.135,0.148,0.526,0.024,0.127,0.236,0.116,0.001,0.199,209.077,181.265,117.885,194.818,46.491,16.268,4.5,39.868,6.76,2.681,0.469,5.769,210.665,181.867,118.011,196.176,--,--,1.264,1.147,1.854,1770.43,0.173,0.025,1782.164,--,28552998.71,110542.933,7176725.561,4895399,924861,211162.607,21308819,11456,0,0,0,40735666.2,22456298.61,21531437.61,36051429.81,27140535,45.18454015,0.174931945,11.35702234,7.746869423,1.463573736,0.334160534,33.72077299,0.018128887,0,0,0,64.46336386,35.53663614,34.07306241,57.05065497,42.94934503,12050409.08,183825.3663,4049965.258,0,0,25346.96381,0,0,0,0,0,73.88561635,1.127102856,24.83186897,0,0,0.155411823,0,0,0,0,0
ID,16,6315.6,27429062.05,13822967.96,158568169.1,71596034.96,18172119.5,8016259.137,1573.03,685.192,626.326,1455645.833,121109.96,19656.721,1460088.561,--,0.173,0.171,0.069,160.207,0.007,0.001,160.695,--,0.115,0.099,0.046,106.139,8.831,1.433,106.463,--,0.816,0.806,0.325,755.463,0.031,0.005,--,0,39.333,0.186,0.186,0,37.333,0.238,0.238,0,3.611,0.115,0.115,0,2028,885.068,885.08,0,164.222,35.036,35.038,0,32.833,3.576,3.576,0,2034.944,886.039,886.051,--,--,0,3.168,0.025,0.025,0,3.177,0.028,0.028,0,0.291,0.015,0.015,0,163.329,119.198,119.199,0,13.226,4.719,4.719,0,2.644,0.482,0.482,0,163.888,119.329,1.19E+02,--,--,0.848,0.858,0.377,775.299,0.033,0.006,777.861,--,20338.154,57.216,3278741.97,0,11024341.8,490540.531,2655052,555964,83112,0,63972,3363109.34,14809010.33,3784668.531,3853649.871,14318469.8,0.111919547,3.15E-04,18.04270514,0,60.66624037,2.699412836,14.61057955,3.059433957,0.457359964,0,0.352033781,18.50697332,81.49302668,20.82678631,21.20638616,78.79361384,0,36,1729311.241,0,0,339608.6358,0,0,0,0,0,0,1.74E-03,83.58376611,0,0,16.41449388,0,0,0,0,0
IL,17,65539.9,799314971.1,387803784.7,1935252328,849377377.7,187990218.4,81339084.42,34004.777,15891.359,83160.075,76406066.27,15660278.24,2263394.052,76939065.47,--,0.362,0.391,0.885,812.873,0.083,0.012,818.543,--,0.085,0.082,0.208,191.179,39.184,5.663,192.513,--,0.874,0.944,2.138,1964.431,0.201,0.029,--,1.01,31.756,0.416,0.878,1,38.546,0.485,0.867,2.758,5.57,0.059,2.151,2268.171,2327.889,984.973,1979.127,512.575,187.019,37.222,405.651,74.552,37.405,3.76,58.629,2285.686,2335.8,985.999,1992.933,--,--,0.093,2.223,0.05,0.085,0.091,1.947,0.052,0.082,0.254,0.39,0.007,0.209,208.873,162.93,119.297,192.71,47.203,13.09,4.508,39.499,6.865,2.618,0.455,5.709,210.486,163.483,119.422,194.054,--,--,0.903,0.904,2.108,1932.672,0.196,0.028,1945.986,--,59641923.71,53110.784,17240860.63,98101527,146528,425668.49,11898983.76,53672,0,205224.106,222719.76,175465366,12524852.25,12378324.25,77789507.48,110200710.8,31.72607823,0.028251887,9.171147729,52.18437849,0.077944481,0.226431191,6.329576013,0.028550422,0,0.109167439,0.118474122,93.33749789,6.662502106,6.584557625,41.3795506,58.6204494,29826401.77,4132.998,10841299.19,0,0,191186.7201,0,0,0,37116.71004,0,72.92494274,0.010105096,26.50675494,0,0,0.467447623,0,0,0,0.090749597,0
IN,18,42779.2,1045375054,457486269.9,1102362887,473069105.9,113451149.9,48247800.2,89150.145,25583.342,68973.958,98505395.05,20001109.33,2890103.895,99186034.4,--,1.572,1.06,1.216,1736.525,0.176,0.025,1748.524,--,0.171,0.112,0.132,188.459,38.266,5.529,189.762,--,1.659,1.119,1.283,1832.648,0.186,0.027,--,1.626,37.13,0.304,1.305,1.387,33.999,0.295,1.096,1.731,3.496,0.042,1.321,2172.428,1961.322,933.779,1870.731,495.13,158.851,34.107,383.132,71.995,31.756,3.441,55.343,2189.344,1968.052,934.718,1883.767,--,--,0.155,3.092,0.039,0.133,0.13,3.085,0.037,0.11,0.165,0.291,0.005,0.135,207.135,163.326,120.554,190.604,47.209,13.228,4.403,39.036,6.865,2.644,0.444,5.639,208.748,163.887,120.675,191.932,--,--,1.688,1.048,1.174,1790.737,0.171,0.025,1802.379,--,77455229.08,130277.375,26816994.88,0,222661,481050.431,5437153,290717.48,0,2317591.84,299476,107019569.2,6431581.911,6208920.911,107500619.6,5950531.48,68.27187591,0.11483125,23.63748152,0,0.196261561,0.42401547,4.792505804,0.256249035,0,2.042810335,0.263969115,94.33096813,5.669031869,5.472770308,94.7549836,5.2450164,35847188.86,121.001,15835546.82,0,0,83024.95061,0,0,0,39681.43074,0,69.19563603,2.34E-04,30.56727093,0,0,0.160262616,0,0,0,0.076596853,0
KS,20,21546.1,257601738,119683298.6,526289657,225583757.6,51683745.2,21893446.32,17565.02,8738.443,5468.957,25565467.03,5529156.849,801539.105,25754010.82,--,0.68,0.798,0.212,989.304,0.107,0.016,996.6,--,0.136,0.146,0.042,198.488,42.928,6.223,199.952,--,1.49,1.75,0.464,2168.972,0.235,0.034,--,1.222,61.503,3.331,1.495,1.287,59.762,3.485,1.616,0.529,2.487,0.016,0.464,2315.745,3653.305,1199.649,2175.23,531.99,178.26,44.008,470.447,77.394,28.972,4.479,68.199,2333.927,3659.852,1200.866,2191.272,--,--,0.111,2.609,0.33,0.137,0.115,2.551,0.339,0.146,0.048,0.105,0.002,0.042,209.668,154.956,118.865,199.083,48.166,7.561,4.36,43.057,7.007,1.229,0.444,6.242,211.314,155.234,118.986,200.552,--,--,1.72,1.851,0.539,2122.124,0.221,0.032,2.14E+03,--,20473983.04,52015.719,2979247.25,9168289,26420,63551.2,18907502,7727,0,0,5010,32678545.01,19005200.2,18978780.2,23573807.21,28109938,39.61396945,0.100642318,5.76437957,17.73921174,0.051118586,0.122961677,36.58307254,0.014950542,0,0,9.69E-03,63.22789666,36.77210334,36.72098476,45.61164659,54.38835341,11742999.06,3270.688,2600588.586,0,0,5896.636014,0,0,0,0,0,81.8170385,0.022787876,18.11908997,0,0,0.041083653,0,0,0,0,0
KY,21,30427.3,750114338.4,349545688.9,790755711.4,368030285.9,78804497,36428468,47356.072,20746.913,55232.163,71797634.97,15588309.42,2259663.892,72329178.76,--,1.202,1.139,1.402,1822.171,0.198,0.029,1835.661,--,0.126,0.119,0.147,191.431,41.562,6.025,192.848,--,1.274,1.207,1.486,1931.414,0.21,0.03,--,1.368,0,0.432,1.278,1.284,0,0.451,1.209,1.641,0,0.009,1.483,2045.67,0,976.895,1942.536,461.794,0,36.375,420.641,66.981,0,3.651,60.854,2061.423,0,977.894,1956.861,--,--,0.133,0,0.053,0.126,0.124,0,0.054,0.119,0.159,0,0.001,0.147,198.527,0,118.857,192.237,44.816,0,4.426,41.627,6.5,0,0.444,6.022,200.056,0,118.978,193.655,--,--,1.223,1.169,1.369,1869.609,0.192,0.028,1882.649,--,59168143.03,69753.373,14615237.2,0,4417833,430553.884,0,39436,0,63539.822,0,73916673.43,4887822.884,469989.884,74347227.31,4457269,75.08219176,0.088514458,18.54619709,0,5.606067175,0.546357003,0,0.05004283,0,0.080629691,0,93.79753299,6.202467008,0.596399833,94.34389,5.656110005,37468423.44,0,5678280.915,0,0,236879.9196,0,0,0,0,0,86.36543999,0,13.08854722,0,0,0.546012792,0,0,0,0,0
LA,22,36560.1,619518970.9,299643443.1,812474698.9,382934440.1,101560871.4,47411597.6,36532.551,17852.403,48646.699,42432189.81,5005588.974,737894.106,42604705.9,--,0.719,0.753,0.958,835.601,0.049,0.007,838.998,--,0.118,0.119,0.157,136.984,16.16,2.382,137.541,--,0.878,0.919,1.169,1019.675,0.06,0.009,--,1.498,0.506,0.799,0.904,1.518,0.301,0.842,0.932,4.223,6.958,0.021,1.156,2301.481,927.399,827.506,1073.697,420.872,383.546,34.052,119.85,62.659,60.728,3.652,16.983,2316.079,941.242,828.476,1077.726,--,--,0.134,0.11,0.114,0.12,0.134,0.076,0.117,0.121,0.377,1.512,0.003,0.153,205.424,201.49,117.696,142.373,37.566,83.33,4.843,15.892,5.593,13.194,0.519,2.252,206.727,204.497,117.834,142.908,--,--,1.063,1.083,1.675,1.19E+03,0.078,0.011,1191.528,--,11786723.7,4377794.308,61146027,17152582,1179855,2676303.724,0,1518,0,2613931.39,626136.01,97703194.41,3857676.724,2677821.724,83226916.13,18333955,11.60557562,4.310512759,60.20628449,16.88896699,1.161722016,2.635172084,0,1.49E-03,0,2.573758339,0.616513036,96.20161123,3.79838877,2.636666754,81.94781632,18.05218368,9930298.241,3752889.782,29801786.59,0,0,689848.7861,0,0,0,1710677.765,0,21.64147277,8.178813976,64.94815538,0,0,1.503413428,0,0,0,3.72814445,0
MA,25,18841.4,174018721,82395328.33,241274350,112400596.3,27123442.98,12767679.08,7553.143,3184.702,2830.248,9867203.33,2685015.297,345037.925,9952176.675,--,0.557,0.499,0.209,727.577,0.099,0.013,733.843,--,0.087,0.077,0.033,113.404,30.859,3.966,114.381,--,0.724,0.649,0.271,945.941,0.129,0.017,--,0,4.711,0.185,0.25,0,6.894,0.173,0.223,0,3.198,0.053,0.098,0,1633.601,872.629,883.565,0,110.404,34.292,35.386,0,20.618,3.617,3.861,0,1638.053,873.596,884.583,--,--,0,0.433,0.025,0.034,0,0.59,0.024,0.03,0,0.294,0.007,0.013,0,150.171,119.626,120.276,0,10.149,4.701,4.817,0,1.895,0.496,0.526,0,150.581,119.759,120.415,--,--,0.394,0.343,0.169,910.581,0.05,6.00E-03,913.677,--,0,460738.537,18385799.12,4441563,659093.19,2015671.652,216813.31,943784.39,0,207.988,-229,23288079.64,3835362.542,3176269.352,20862188.29,6261253.89,0,1.698658467,67.78506859,16.37522801,2.429955685,7.431411619,0.799350901,3.479559915,0,7.67E-04,0,85.8588776,14.14027812,11.71032244,76.91506121,23.08409451,0,270679.002,14644949.08,0,0,459203.9245,0,0,0,0,0,0,1.76053307,95.2527421,0,0,2.986724826,0,0,0,0,0
MD,24,18369,230713669,108241138,421995109,189078607,43783522.97,19699199.78,8905.808,3401.156,11978.893,18296004.99,3542951.501,498515.902,18414570.75,--,0.407,0.345,0.547,835.748,0.081,0.011,841.164,--,0.077,0.063,0.104,158.604,30.713,4.322,159.631,--,0.712,0.605,0.958,1463.55,0.142,0.02,--,1.074,23.59,0.249,0.644,0.907,31.235,0.188,0.508,1.988,13.137,0.017,0.922,2177.214,2806.717,901.249,1481.044,490.351,234.371,34.32,241.089,71.284,46.873,3.516,34.255,2193.965,2816.631,902.201,1489.161,--,--,0.098,1.37,0.033,0.071,0.081,1.57,0.025,0.056,0.181,0.763,0.002,0.101,198.54,163.019,119.114,162.477,44.715,13.613,4.536,26.448,6.5,2.722,0.465,3.758,200.067,163.594,119.24,163.367,--,--,0.853,0.661,1.204,1592.483,0.149,0.021,1602.555,--,10066923.72,258033.994,13829753.67,14987931,2830886,847902.865,569984,392495,0,0,-387,39142255.39,4641267.865,1810381.865,25002227.25,18781296,22.99229023,0.589335198,31.5863832,34.23159538,6.465585152,1.936562678,1.301811548,0.896436608,0,0,0,89.39872013,10.60039599,4.134810835,57.10368742,42.89542869,8658278.71,22518.999,7656391.662,0,0,455885.6479,0,0,0,0,0,51.5586258,0.134096936,45.5925532,0,0,2.71472406,0,0,0,0,0
ME,23,5658.8,48522445.81,20687087.09,100106445.8,35336584.09,11280700,4233268.003,3268.845,1243.897,1915.903,1453783.686,1739269.286,250564.788,1512858.708,--,0.58,0.588,0.34,257.747,0.154,0.022,268.221,--,0.135,0.12,0.079,59.922,71.689,10.328,62.357,--,1.163,1.179,0.681,517.055,0.309,0.045,--,0,2.077,0.153,0.279,0,2.532,0.14,0.166,0,8.154,0.005,0.538,0,1947.298,797.464,872.779,0,150.999,32.327,40.1,0,30.2,3.26,5.025,0,1953.686,798.354,874.029,--,--,0,0.185,0.023,0.04,0,0.182,0.022,0.025,0,0.728,0.001,0.077,0,173.813,118.964,124.715,0,13.478,4.823,5.73,0,2.696,0.486,0.718,0,174.383,119.097,124.894,--,--,0.758,0.551,0.758,677.219,0.18,0.026,689.481,--,70827.809,189091.776,2330732.165,0,3261054,2767943.32,2384295,12031.63,0,160270.922,104453,2855375.672,8425323.95,5164269.95,5623318.992,5657380.63,0.627867166,1.676241566,20.66123772,0,28.90826021,24.53698275,21.13605609,0.106656771,0,1.420753387,0.925944343,25.31204418,74.68795582,45.77969561,49.84902693,50.15097307,0,157248,1945707.858,0,0,1063274.19,0,0,0,0,0,0,4.966411082,61.45187899,0,0,33.58170993,0,0,0,0,0
MI,26,39849.5,746525799.2,345045606.4,1130294538,513924658.4,115834924.3,51998997.21,42415.005,18986.138,67045.465,64190164.56,12843519.59,1841181.688,64622206.95,--,0.732,0.73,1.158,1108.304,0.111,0.016,1115.764,--,0.114,0.11,0.18,171.97,34.409,4.933,173.128,--,1.075,1.072,1.699,1626.874,0.163,0.023,--,1.45,7.54,0.476,1.057,1.39,7.082,0.488,1.042,2.935,4.715,0.038,1.732,2251.926,1494.041,883.666,1680.212,501.683,130.439,33.073,305.648,73.086,22.832,3.404,43.946,2269.087,1499.074,884.587,1690.58,--,--,0.134,1.072,0.064,0.112,0.129,1.113,0.063,0.109,0.272,0.67,0.005,0.184,208.428,212.369,118.017,178.471,46.433,18.541,4.417,32.466,6.764,3.245,0.455,4.668,210.016,213.084,118.14,179.572,--,--,1.37,1.339,2.192,1768.255,0.175,0.025,1.78E+03,--,42330863.3,1213512.194,30986891.67,30478694,870744,2653345.899,5457252,115981,0,1726161.031,1478.021,106737600.2,9097322.899,8226578.899,78912252.12,36922671,36.54412863,1.047622048,26.75090623,26.31218045,0.751711122,2.290626892,4.71123203,0.100126108,0,1.49019051,1.28E-03,92.14630385,7.853696152,7.10198503,68.12475029,31.87524971,23882324.19,111395.8727,14080033.04,0,0,928542.7548,0,0,0,0,0,61.23312401,0.285613629,36.10052365,0,0,2.380738709,0,0,0,0,0
MN,27,23325.4,338486323.1,149720496.4,608313028.1,256468241.4,61425572.33,26076121.87,21774.19,9400.755,17168.443,30571798.3,7161490.428,1027482.398,30808214.04,--,0.709,0.721,0.559,995.409,0.117,0.017,1003.107,--,0.129,0.126,0.101,180.638,42.315,6.071,182.035,--,1.28,1.302,1.009,1797.547,0.211,0.03,--,1.326,5.035,0.686,1.164,1.317,5.658,0.701,1.113,1.34,0.793,0.008,0.993,2205.016,601.047,946.416,1876.563,487.056,29.445,33.93,368.929,70.783,5.659,3.426,53.227,2221.651,602.258,947.351,1889.105,--,--,0.126,0.442,0.086,0.118,0.124,0.538,0.088,0.115,0.127,0.07,0.001,0.101,209.096,52.749,118.612,189.936,46.186,2.584,4.252,37.341,6.712,0.497,0.429,5.387,210.673,52.855,118.73,191.205,--,--,1.298,1.196,0.906,1483.286,0.169,0.024,1493.949,--,23455356.05,41644.379,8468311.081,14601329,1053504.37,1944159.346,10713650,1042020.84,0,0,105553.837,46672194.35,14753334.56,13699830.19,34015024.69,27410504.21,38.18502904,0.067796533,13.78630552,23.7707827,1.715092062,3.165067328,17.44168946,1.696397017,0,0,0.171840339,75.98175413,24.01824587,22.3031538,55.37603876,44.62396124,7021601.549,31569.2698,7166780.685,0,0,1122279.46,0,0,0,0,0,45.76649619,0.20576714,46.71276753,0,0,7.314969139,0,0,0,0,0
MO,29,25772.4,684663199.9,314459107.5,830292105.9,372638368.5,81304229.76,37695152.16,50822.665,15587.992,102833.723,69092318.37,15839675.69,2298020.359,69632719.35,--,1.25,0.827,2.53,1699.6,0.195,0.028,1712.893,--,0.148,0.099,0.3,201.829,46.27,6.713,203.407,--,1.521,1.006,3.077,2067.155,0.237,0.034,--,1.648,51.812,0.342,1.523,1.043,64.907,0.354,0.975,3.42,8.751,0.008,3.081,2198.257,6032.251,936.403,2073.16,523.083,461.912,36.743,474.731,76.075,92.107,3.743,68.886,2216.131,6051.749,937.42,2089.358,--,--,0.157,1.382,0.043,0.149,0.104,1.341,0.043,0.099,0.325,0.233,0.001,0.301,209.2,160.861,118.402,202.221,49.78,12.318,4.646,46.306,7.24,2.456,0.473,6.719,210.901,161.381,118.53,203.801,--,--,1.161,0.909,1.703,1815.756,0.192,2.80E-02,1.83E+03,--,59703175.88,97704.126,6912910.534,10655279,875299,132944.8,2834677,91230.55,0,764.085,244,77370077.63,3934151.35,3058852.35,66847743.43,14456485.55,73.43182099,0.120171026,8.502522711,13.10544253,1.076572536,0.163515234,3.48650622,0.112208862,0,9.40E-04,3.00E-04,95.16119715,4.838802851,3.762230315,82.21926986,17.78073014,15676504.25,6065.768,4737941.995,0,0,194318.3965,0,0,0,0,0,76.04478882,0.029424293,22.98317231,0,0,0.942614577,0,0,0,0,0
MS,28,19338,448358159.9,221544147.1,523798764.9,241055101.1,63473771.44,28812658.65,13965.762,7788.744,4983.68,29101198.86,2459934.338,339997.595,29182607.68,--,0.44,0.541,0.157,916.952,0.039,0.005,919.517,--,0.062,0.07,0.022,129.812,10.973,1.517,130.175,--,0.497,0.61,0.177,1035.106,0.044,0.006,--,0.93,0.392,0.337,0.487,1.083,0.31,0.415,0.571,0.452,0.009,0.005,0.117,1518.931,1397.897,906.76,1064.305,231.738,53.923,33.925,83.746,32.859,5.395,3.393,10.807,1526.724,1399.375,907.69,1066.962,--,--,0.101,0.033,0.044,0.06,0.112,0.03,0.053,0.069,0.049,0.001,0.001,0.015,165.495,118.944,118.846,132.199,25.249,4.588,4.446,10.402,3.58,0.459,0.445,1.342,166.344,119.07,118.968,132.529,--,--,0.645,0.775,0.112,1057.509,0.038,0.005,1059.944,--,5280043.35,27309.568,49481810.56,6919470,0,1439284.952,0,325853,0,0,0,61708633.47,1765137.952,1765137.952,56228448.43,7245323,8.318464826,0.043024965,77.95631084,10.90130592,0,2.267527074,0,0.513366376,0,0,0,97.21910655,2.78089345,2.78089345,88.58532771,11.41467229,5396409.768,427493,20156214.38,0,0,468026.55,0,0,0,0,0,20.40373733,1.616344062,76.21031786,0,0,1.769600753,0,0,0,0,0
MT,30,7743.1,157610898,53240946.06,284159870,108701243.1,28195174,10767895.75,16409.149,5650.906,12062.216,16312377.33,3639299.426,529874.07,16436819.81,--,1.164,1.05,0.856,1157.104,0.129,0.019,1165.931,--,0.208,0.212,0.153,206.996,46.181,6.724,208.575,--,2.245,2.024,1.65,2231.39,0.249,0.036,--,2.174,0.712,7.258,2.293,2.293,0.642,6.428,2.414,1.355,13.483,0.014,1.687,2333.337,1761.56,1304.228,2282.279,536.849,102.742,50.024,507.626,78.084,20.45,5.024,73.932,2351.682,1765.892,1305.602,2299.64,--,--,0.196,0.09,0.659,0.208,0.199,0.08,0.595,0.212,0.122,1.703,0.001,0.153,209.882,222.56,118.435,207.202,48.289,12.981,4.543,46.086,7.024,2.584,0.456,6.712,211.532,223.107,118.559,208.778,--,--,2.492,2.609,1.232,2193.482,0.239,0.035,2209.768,--,13360026.63,446004.025,476370.112,0,11404609,21331,2135735,34012,0,12414.635,304672,14599487.41,13595687,2191078,14620818.41,13574356,47.38408935,1.581845243,1.689544832,0,40.4487975,0.07565479,7.574824576,0.120630571,0,0.044031063,1.080582073,51.78009256,48.21990744,7.771109937,51.85574735,48.14425265,4299020.622,41680.19446,448038.74,0,0,0,0,0,0,0,0,89.77353166,0.87037923,9.356089107,0,0,0,0,0,0,0,0
NC,37,49082.6,691984106.8,326672815.4,1254353603,563082569.4,134162507.3,59659020.91,35251.887,16892.908,22050.215,53636315.53,9400530.744,1343357.427,53938292.09,--,0.526,0.566,0.329,799.572,0.07,0.01,804.074,--,0.102,0.103,0.064,155.022,27.17,3.883,155.895,--,0.894,0.963,0.559,1359.821,0.119,0.017,--,1.729,4.255,0.237,0.879,1.749,5.966,0.235,0.918,0.961,0.742,0.011,0.417,2050.195,1924.186,934.575,1411.39,468.846,134.662,35.331,220.178,68.215,24.918,3.646,31.187,2066.22,1929.582,935.56,1418.789,--,--,0.171,0.326,0.03,0.1,0.171,0.352,0.029,0.102,0.095,0.057,0.001,0.047,203.275,147.518,119.207,160.299,46.486,10.324,4.507,25.007,6.764,1.91,0.465,3.542,204.864,147.931,119.333,161.139,--,--,1.037,1.074,0.611,1497.388,0.138,0.02,1506.55,--,31664852.57,632054.935,43445749.17,42076949,6605429,2609614.07,542772,6050030.15,0,301651.09,233405,118354661.8,15807845.22,9202416.22,78887326.84,55275180.15,23.6018641,0.471111452,32.38292884,31.36267348,4.923453764,1.945114271,0.404563102,4.509479053,0,0.224840081,0.173971853,88.21738981,11.78261019,6.859156427,58.7998306,41.2001694,25090789.82,116061.004,22498687.36,0,0,1346262.751,0,0,0,0,0,51.15161797,0.236609058,45.86719943,0,0,2.744573544,0,0,0,0,0
ND,38,10229.5,298646168.6,125349260.5,425889680.6,170579856.5,42612542,17082890.74,32855.561,13722.938,38780.785,32071087.37,7242063.649,1052375.013,32318417.04,--,1.542,1.607,1.82,1505.242,0.17,0.025,1516.85,--,0.22,0.219,0.26,214.776,48.499,7.048,216.433,--,2.289,2.385,2.702,2234.743,0.252,0.037,--,2.371,23.559,0.133,2.296,2.365,28.827,0.1,2.267,2.807,10.399,0.005,2.712,2284.414,3518.142,1020.393,2241.598,522.657,284.934,44.182,506.44,76.023,56.982,4.418,73.596,2302.275,3530.189,1021.603,2258.894,--,--,0.226,1.094,0.015,0.22,0.225,0.931,0.014,0.219,0.267,0.483,0.001,0.26,217.661,163.325,118.858,214.904,49.799,13.228,5.146,48.553,7.243,2.645,0.515,7.056,219.362,163.885,118.999,216.562,--,--,2.108,1.91E+00,1.746,1978.739,0.211,0.03,1993.04,--,27540664.96,38025.214,1019590.507,0,3180154,1038,10730134,0,0,58022.199,44913,28701215.88,13911326,10731172,28702253.88,13910288,64.6304204,0.089234794,2.39270051,0,7.462953065,2.44E-03,25.18069453,0,0,0.136162258,0.105398547,67.35391651,32.64608349,25.18313043,67.35635241,32.64364759,2631234.969,381,954299.9299,0,0,1038,0,0,0,0,0,73.3556952,0.010621826,26.60474477,0,0,0.028938203,0,0,0,0,0
NE,31,11071.8,253155258.7,113080875.7,375482998.7,163787482.7,36966215.82,16036884.2,22609.315,10115.302,59650.593,25993715.49,6048322.65,878831.116,26200265.36,--,1.223,1.262,3.227,1406.35,0.164,0.024,1417.525,--,0.179,0.179,0.471,205.358,47.784,6.943,206.99,--,1.855,1.913,4.894,2132.749,0.248,0.036,--,1.85,43.468,1.331,1.836,1.856,51.177,1.443,1.841,5.097,4.043,0.043,4.906,2173.72,4981.456,1221.943,2138.15,515.374,234.572,43.836,497.519,74.957,46.74,4.523,72.292,2191.331,4991.352,1223.165,2155.14,--,--,0.178,1.425,0.125,0.177,0.18,1.375,0.123,0.177,0.492,0.133,0.004,0.473,209.62,163.326,114.763,205.926,49.7,7.691,4.117,47.916,7.228,1.532,0.425,6.962,211.319,163.65,114.877,207.562,--,--,2.427,2.453,4.713,2111.019,0.243,0.035,2127.566,--,23305208.26,12473.61,964789.935,5632140,1382073,93313.037,5549106,27112,0,0,0,29914611.81,7051604.037,5669531.037,24375784.84,12590431,63.04461447,0.03374327,2.609923448,15.23591169,3.738746227,0.252427886,15.01129037,0.073342644,0,0,0,80.92419287,19.07580713,15.3370609,65.94070907,34.05929093,5160038.567,3389.92,920580.7989,0,0,9862.688328,0,0,0,0,0,84.67586108,0.055628343,15.10666458,0,0,0.161846005,0,0,0,0,0
NH,33,4739.5,54740425.26,25456468.78,175994610.3,77942775.78,17063035.36,7783832.981,2342.125,680.749,1341.687,2554891.556,1681125.371,222535.351,2609062.927,--,0.275,0.175,0.157,299.465,0.099,0.013,305.815,--,0.086,0.053,0.049,93.346,61.422,8.131,95.325,--,0.894,0.57,0.512,975.207,0.321,0.042,--,3.223,2.758,0.089,0.649,3.157,2.135,0.076,0.238,1.569,4.337,0.006,0.389,2633.131,2019.238,869.671,1172.229,547.137,123.96,34.233,113.724,79.609,23.427,3.63,15.631,2651.832,2024.278,870.64,1175.979,--,--,0.251,0.205,0.012,0.078,0.254,0.142,0.011,0.031,0.122,0.323,0.001,0.047,205.119,150.445,119.771,141.136,42.622,9.236,4.715,13.692,6.201,1.745,0.5,1.882,206.576,150.82,119.904,141.588,--,--,0.827,0.359,0.638,1122.776,0.193,0.026,1135.289,--,636366.982,177899.368,2991539.426,10061696,1354988,1433886.59,406659,0,0,0,0,13867501.78,3195533.59,1840545.59,5239692.366,11823343,3.729506318,1.042600945,17.53228169,58.96779667,7.941072447,8.403467257,2.383274671,0,0,0,0,81.27218563,18.72781437,10.78674193,30.70785621,69.29214379,549623,128229.5169,2586838.921,0,0,577576.328,0,0,0,0,0,14.30465115,3.337339424,67.32583668,0,0,15.03217275,0,0,0,0,0
NJ,34,28414.6,313208182.2,153702997.2,656829460.2,301933311.2,74975548.73,34828424.32,6673.759,3054.589,1797.867,18747569.08,2454444.268,307939.181,18824132.57,--,0.178,0.175,0.048,500.098,0.033,0.004,502.141,--,0.043,0.04,0.011,119.713,15.673,1.966,120.202,--,0.317,0.312,0.085,890.248,0.058,0.007,--,1.249,24.009,0.138,0.23,1.233,24.514,0.139,0.222,1.531,0.28,0.005,0.053,2093.017,1442.912,834.084,870.507,460.381,60.106,33.354,45.925,67.001,6.695,3.454,5.328,2108.755,1444.661,835.016,871.875,--,--,0.122,2.019,0.02,0.033,0.116,2.39,0.02,0.031,0.15,0.024,0.001,0.008,204.979,121.348,119.205,122.865,45.087,5.055,4.767,6.482,6.562,0.563,0.494,0.752,206.52,121.495,119.338,123.058,--,--,0.367,0.342,0.099,938.943,0.039,0.005,941.375,--,1193287.94,362364.575,38863099.82,31982106,-79564,1462554.959,22596,932762.27,0,212047.85,24295,72637201.19,2338349.229,2417913.229,42117650.14,32857900.27,1.589882248,0.482797978,51.77941586,42.61149457,0,1.948641302,0.030105876,1.242769766,0,0.282522852,0.032369546,96.77848305,3.115509512,3.221516945,56.11562979,43.77836278,1087569.663,90444.998,19378507.1,0,0,306422.3247,0,0,0,64803.87624,0,5.196783069,0.432177405,92.59719266,0,0,1.464191586,0,0,0,0.309655279,0
NM,35,13236.6,251324291.8,120645477.5,320626978.8,147435266.5,32534843,14609865,17298.238,7809.218,3668.34,21687069.24,3500384.274,499019.195,21805177.91,--,1.063,1.069,0.226,1333.16,0.108,0.015,1340.42,--,0.138,0.129,0.029,172.582,27.856,3.971,173.522,--,1.388,1.395,0.294,1739.544,0.14,0.02,--,2.02,15.976,0.644,1.388,1.931,15.938,0.708,1.338,0.54,9.006,0.005,0.294,2355.308,2912.805,1016.037,1739.836,486.503,235.905,38.935,280.817,70.763,47.183,3.896,40.034,2371.933,2922.781,1017.104,1749.311,--,--,0.178,0.896,0.075,0.138,0.166,0.897,0.079,0.129,0.048,0.505,0.001,0.029,207.266,163.326,118.595,172.626,42.812,13.228,4.545,27.863,6.227,2.646,0.455,3.972,208.729,163.885,118.719,173.566,--,--,1.607,1.54,0.312,1880.294,0.159,0.023,1891.021,--,13401531.7,20736.76,11491510.26,0,149546,21156.275,6091551,1346404.48,13138,0,-731,24913047.72,7621795.755,7472249.755,24934203.99,7600639.48,41.19039518,0.06373565,35.31983204,0,0.459638419,0.065025054,18.72273995,4.138253287,0.040380415,0,0,76.5717161,23.42603713,22.96639871,76.63674116,23.36101207,9756312.958,169,6147664.531,0,0,4955,0,0,0,0,0,61.32535495,1.06E-03,38.64243707,0,0,0.031145694,0,0,0,0,0
NV,32,21064,227724812.2,116567427.3,321278421.2,161037275.3,39607668.2,19790524.2,10404.988,5812.518,3789.881,14750182.32,1135937.138,144704.24,14785942.46,--,0.525,0.587,0.191,744.814,0.029,0.004,746.62,--,0.091,0.1,0.033,129.544,9.976,1.271,129.858,--,0.711,0.795,0.259,1008.017,0.039,0.005,--,2.259,0,0.566,0.71,2.599,0,0.593,0.781,2.638,0,0.006,0.23,2244.926,0,886.544,1002.242,547.791,0,33.766,77.547,79.714,0,3.377,9.879,2263.651,0,887.47,1004.683,--,--,0.211,0,0.076,0.092,0.242,0,0.079,0.1,0.246,0,0.001,0.03,209.629,0,118.68,129.39,51.152,0,4.52,10.011,7.444,0,0.452,1.275,211.378,0,118.804,129.705,--,--,0.784,0.856,0.326,1054.906,0.049,0.006,1058.018,--,2485045.74,10245.222,26688611.5,0,1881266.01,53066,312348,4686322.18,3461982,0,28782,29212684.46,10394984.19,8513718.18,29265750.46,10341918.19,6.274153023,0.025866764,67.38243479,0,4.74975194,0.133979105,0.78860486,11.83185565,8.740686129,0,0.072667746,73.75512232,26.24487768,21.49512574,73.88910142,26.11089858,2114026.928,0,15207115.48,0,0,24409.73933,0,0,0,0,0,12.1877177,0,87.67155609,0,0,0.140726217,0,0,0,0,0
NY,36,51891.5,475320037,239944394.7,1233177071,551317794.7,132500581.8,59122941.02,15440.745,7059.122,5705.247,27632119.14,3818106.086,486087.426,27737892.3,--,0.233,0.239,0.086,417.087,0.029,0.004,418.683,--,0.065,0.059,0.024,116.267,16.065,2.045,116.712,--,0.55,0.564,0.203,984.99,0.068,0.009,--,1.691,1.494,0.335,0.431,1.608,1.029,0.341,0.402,6.669,0.99,0.049,0.199,2043.674,1341.62,937.997,979.658,493.938,69.563,36.183,44.36,71.946,11.017,3.89,5.253,2060.568,1344.131,939.029,980.995,--,--,0.17,0.141,0.043,0.054,0.157,0.092,0.042,0.049,0.67,0.093,0.006,0.025,205.204,126.161,119.611,121.563,49.596,6.541,4.614,5.505,7.224,1.036,0.496,0.652,206.901,126.397,119.742,121.729,--,--,0.605,0.558,0.305,1062.997,0.035,4.00E-03,1065.074,--,690385.625,1590192.62,50810943.79,42919011,29199282,3027432.428,3980870,295016,0,275.93,-12828,95997980.96,36502600.43,7303318.428,56106402.39,76394179,0.520993029,1.200023928,38.34400158,32.38842861,22.03496396,2.284623452,3.004126162,0.222631054,0,2.08E-04,0,72.44397484,27.54634463,5.511380668,42.34016968,57.65014979,688346,3478363.762,29500446.44,0,0,512437.4728,0,0,0,0,0,2.013909254,10.17672648,86.31011451,0,0,1.49924975,0,0,0,0,0
OH,39,48922.9,962026468.3,399813640.7,1172770637,487623369.7,126184610.6,51519197.27,53277.573,18071.766,90303.06,83374477.1,15576860.8,2240617.572,83903039.88,--,0.844,0.702,1.431,1321.468,0.123,0.018,1329.846,--,0.111,0.09,0.188,173.331,32.383,4.658,174.43,--,1.008,0.837,1.708,1576.725,0.147,0.021,--,1.602,1.353,0.149,0.986,1.335,1.283,0.169,0.835,2.898,4.986,0.042,1.716,2066.324,3021.363,901.3,1585.183,491.676,203.575,35.645,296.11,71.521,40.714,3.762,42.594,2083.126,3029.974,902.306,1595.231,--,--,0.159,0.093,0.02,0.109,0.132,0.089,0.021,0.09,0.288,0.344,0.006,0.189,205.011,208.658,118.489,174.504,48.782,14.059,4.686,32.597,7.096,2.812,0.495,4.689,206.678,209.252,118.621,175.61,--,--,1.359,1.202,1.976,1772.593,0.169,0.024,1784.082,--,58726962.52,1315746.36,44214501.97,18315007,244019,706973.104,1750022,119055.06,0,798493.106,-6170,123364541,2820069.164,2576050.164,105756507.1,20428103.06,46.53823557,1.042664416,35.03782283,14.51374418,0.193373081,0.560241488,1.386806547,0.094345292,0,0.632766598,0,97.76034417,2.234766408,2.041393327,83.80684148,16.1882691,26520386.5,1148748.74,14537979.56,0,0,149049.4873,0,0,0,0,0,62.61281432,2.712117018,34.32317304,0,0,0.351895621,0,0,0,0,0
OK,40,35663.1,516564002.1,279590006.5,784950074.1,381055874.5,86223720.8,41568455.01,23953.565,12720.078,31728.429,38354703.57,4826840.176,673527.747,38515394.71,--,0.556,0.612,0.736,889.655,0.056,0.008,893.383,--,0.093,0.091,0.123,148.499,18.688,2.608,149.121,--,0.842,0.927,1.115,1347.575,0.085,0.012,--,1.568,30.792,0.523,0.843,1.548,30.791,0.558,0.835,3.541,2.781,0.038,1.109,2169.934,1565.927,999.311,1356.952,461.363,126.824,41.402,169.703,66.782,25.364,4.455,23.497,2185.651,1571.293,1000.493,1362.574,--,--,0.144,3.212,0.063,0.093,0.141,3.208,0.066,0.091,0.324,0.29,0.005,0.122,198.768,163.326,120.415,149.136,42.261,13.228,4.989,18.651,6.117,2.645,0.537,2.582,200.208,163.885,120.557,149.754,--,--,1.116,1.117,1.61,1521.814,0.107,0.015,1528.936,--,14906746.88,17977.533,41612985.55,0,1899846,332717.314,27338228,61626,0,53593.296,0,56591303.27,29632417.31,27732571.31,56924020.58,29299700,17.28845239,0.020849869,48.26164456,0,2.203391349,0.385876777,31.70615675,0.071472212,0,0.062156093,0,65.63310292,34.36689708,32.16350574,66.01897969,33.98102031,14484583.26,1094,21615498.08,0,0,58717.2118,0,0,0,0,0,40.05704177,3.03E-03,59.77755063,0,0,0.162382152,0,0,0,0,0
OR,41,19173.8,171918575.5,76248951.58,569810988.5,240573163.6,63917831.95,26400196.5,8646.966,4545.096,2839.069,10003897.55,1135569.925,148548.894,10040225.87,--,0.271,0.344,0.089,313.024,0.018,0.002,314.16,--,0.101,0.119,0.033,116.379,13.211,1.728,116.802,--,0.853,1.085,0.28,986.593,0.056,0.007,--,2.583,0,0.594,0.728,3.084,0,0.796,0.984,3.591,0,0.01,0.25,2573.351,0,924.128,1034.923,506.612,0,31.845,63.74,73.712,0,3.185,7.923,2590.667,0,925.001,1036.9,--,--,0.211,0,0.074,0.087,0.211,0,0.093,0.109,0.293,0,0.001,0.03,209.76,0,114.451,123.851,41.295,0,3.944,7.628,6.008,0,0.394,0.948,211.172,0,114.559,1.24E+02,--,--,1.417,1.853,0.608,1132.506,0.081,0.011,1137.829,--,1281562.8,3956.005,17922776.53,0,35442773,1071935.594,7447442,571696,176235,0,-545,19207750.33,44710081.59,9267308.594,20279685.93,43638146,2.004998971,6.19E-03,28.04009956,0,55.45005162,1.677038194,11.65148797,0.894415702,0.275718828,0,0,30.05043503,69.94871232,14.4986607,31.72747323,68.27167412,1224425.821,0,6569574.806,0,0,546795.3321,0,0,0,0,0,14.67996372,0,78.764363,0,0,6.55567328,0,0,0,0,0
PA,42,69518.2,1081368003,478890699.7,2026039516,876293932.7,215390665.9,94435425.23,46962.424,16004.725,70653.362,84463281.51,14715429.79,2064681.354,84954857.72,--,0.436,0.339,0.656,784.28,0.068,0.01,788.844,--,0.087,0.067,0.131,156.216,27.216,3.819,157.125,--,0.753,0.586,1.133,1354.913,0.118,0.017,--,1.515,3.222,0.191,0.708,1.123,2.238,0.181,0.524,2.989,0.771,0.005,1.132,2203.542,1716.368,846.64,1360.7,495.789,90.471,32.097,206.636,72.213,13.746,3.256,29.227,2220.499,1719.547,847.526,1367.637,--,--,0.141,0.25,0.027,0.083,0.103,0.183,0.026,0.063,0.278,0.06,0.001,0.133,205.318,133.114,118.951,159.543,46.196,7.017,4.51,24.228,6.729,1.066,0.457,3.427,206.898,133.36,119.075,160.357,--,--,0.999,0.783,1.346,1450.207,0.125,0.018,1458.637,--,44086284.46,624727.178,76391778.16,83476744,3602614,3035998.403,3566917,62475.3,0,560584.596,-22293,205117825.4,10268004.7,6665390.703,124677079.8,90708750.3,20.46639831,0.29002025,35.46374067,38.75283012,1.672459677,1.409416859,1.655887879,0.029003224,0,0.260243016,0,95.22288317,4.766767639,3.094307962,57.87946991,42.1101809,19929346.39,803998.858,25827814.1,0,0,795802.4397,0,0,0,140152.8653,0,41.95906748,1.692731998,54.3776486,0,0,1.675475333,0,0,0,0.295076588,0
RI,44,2547.2,63006180.35,32930690.72,64752934.35,33521036.72,8372772.262,4335822.601,1646.293,858.177,64.277,3633190.538,137854.901,14228.571,3637033.781,--,0.393,0.396,0.015,867.858,0.016,0.002,868.776,--,0.052,0.052,0.002,115.328,4.376,0.452,115.45,--,0.402,0.405,0.016,888.18,0.017,0.002,--,0,49.182,0.413,0.413,0,40.188,0.41,0.411,0,4.5,0.007,0.008,0,2546.364,911.688,911.697,0,206.227,34.592,34.593,0,41.227,3.57,3.57,0,2555.091,912.652,912.662,--,--,0,3.155,0.054,0.054,0,3.152,0.054,0.054,0,0.289,0.001,0.001,0,163.324,119.202,119.202,0,13.227,4.523,4.523,0,2.644,0.467,0.467,0,163.883,119.328,119.328,--,--,0.147,0.141,0.011,906.448,0.017,0.002,907.415,--,0,75705.618,7894464.7,0,4100.33,211031.26,158605.53,28866,0,0,0,7970170.318,402603.12,398502.79,8181201.578,191571.86,0,0.904188063,94.28733213,0,0.048972184,2.52044632,1.894300988,0.344760314,0,0,0,95.19152019,4.808479806,4.759507623,97.71196651,2.288033486,0,44,4860284.135,0,0,44035.51979,0,0,0,0,0,0,8.97E-04,99.10121837,0,0,0.897884474,0,0,0,0,0
SC,45,33320.7,396153420,192001479.9,979441773,451219574.9,99322722.72,45762092.31,14405.099,6113.368,8343.008,31312088.91,5902631.196,855005.935,31513267.43,--,0.29,0.267,0.168,630.512,0.059,0.009,634.563,--,0.073,0.064,0.042,158.081,29.8,4.317,159.096,--,0.658,0.606,0.381,1430.208,0.135,0.02,--,1.069,51.342,0.236,0.639,0.982,44.527,0.187,0.558,0.696,11.765,0.043,0.358,2047.548,4475.964,929.906,1467.217,485.193,314.128,37.675,252.755,70.734,62.825,5.009,36.598,2064.152,4489.251,931.123,1475.83,--,--,0.105,1.873,0.03,0.071,0.096,2.138,0.023,0.062,0.068,0.429,0.005,0.04,200.42,163.326,117.395,162.568,47.492,11.462,4.756,28.005,6.924,2.292,0.632,4.055,202.045,163.81,117.549,163.522,--,--,0.625,0.527,0.337,1423.299,0.118,0.017,1431.286,--,19483067.58,343902.57,21653796.25,52716469,2308985,2264358.366,0,510493.88,0,41650.84,0,94238886.23,5083837.246,2774852.246,43786775.6,55535947.88,19.61592161,0.346247624,21.80145236,53.07593988,2.324729849,2.279798909,0,0.513974911,0,0.041934855,0,94.88149633,5.11850367,2.79377382,44.08535536,55.91464464,11567270.7,3592.001,15267304.83,0,0,407129.7266,0,0,0,0,0,42.45602679,0.01318393,56.03647736,0,0,1.494311927,0,0,0,0,0
SD,46,5803.8,35590573.37,18260628.62,118591225.4,49620291.61,12616395.68,5200685.616,1374.217,719.634,966.248,3260152.787,590135.596,84895.915,3280178.976,--,0.218,0.277,0.153,516.812,0.047,0.007,519.987,--,0.077,0.079,0.054,183.203,33.162,4.771,184.329,--,0.782,0.994,0.55,1855.812,0.168,0.024,--,0.854,22.918,0.617,0.782,0.912,18.033,0.648,0.817,0.814,11.332,0.009,0.55,2253.263,3751.105,1057.202,1855.812,484.785,303.8,37.571,335.929,70.526,60.76,3.812,48.326,2269.831,3763.957,1058.239,1867.212,--,--,0.079,0.998,0.069,0.077,0.084,0.957,0.068,0.079,0.076,0.493,0.001,0.054,209.76,163.326,118.926,183.203,45.13,13.228,4.226,33.162,6.565,2.646,0.429,4.771,211.303,163.885,119.043,184.329,--,--,0.777,0.816,0.373,1596.954,0.118,0.017,1604.877,--,2339336.7,6396.188,1167718.815,0,6266270,0,2835002,1672,0,0,0,3513451.703,9102944,2836674,3513451.703,9102944,18.54203653,0.050697427,9.255565872,0,49.66767171,0,22.47077586,0.013252596,0,0,0,27.84829983,72.15170017,22.48402846,27.84829983,72.15170017,807948.119,1492.679,1017749.342,0,0,0,0,0,0,0,0,44.21806474,0.081692593,55.70024267,0,0,0,0,0,0,0,0
TN,47,28022.1,347340876.4,168590253.6,821455175.4,371377335.6,81539017.66,36741805.3,14859.23,4858.015,14837.352,30315552.3,5691336.919,828135.262,30510086.16,--,0.364,0.264,0.364,743.584,0.07,0.01,748.355,--,0.086,0.058,0.085,174.558,32.771,4.768,175.678,--,0.838,0.608,0.836,1708.826,0.16,0.023,--,1.145,33.819,0.307,0.83,0.761,33.762,0.245,0.568,1.214,3.124,0.147,0.81,2159.982,1771.915,1045.909,1738.287,488.73,142.49,50.27,322.757,71.335,28.497,5.741,46.505,2176.72,1777.942,1047.393,1749.251,--,--,0.108,3.14,0.036,0.084,0.07,3.138,0.029,0.057,0.114,0.29,0.017,0.082,203.428,164.492,122.445,176.796,46.029,13.228,5.885,32.827,6.718,2.645,0.672,4.73,205.004,165.051,122.618,177.911,--,--,0.659,0.524,0.671,1712.503,0.153,0.022,1.72E+03,--,20966713.01,121671.685,13390688.18,36176382,9672881,982446.667,41009,167594,0,19379.544,252.546,70675086.97,10863930.67,1191049.667,35481151.64,46057866,25.71371795,0.149218973,16.42243011,44.36695836,11.86288636,1.204879204,0.050293714,0.20553841,0,0.023767203,3.10E-04,86.67640231,13.32359769,1.460711328,43.51432316,56.48567684,14976216.4,1584.008,11864233.84,0,0,294376.1916,0,0,0,0,0,55.18864196,5.84E-03,43.72071932,0,0,1.084801515,0,0,0,0,0
TX,48,191884.5,3044658469,1525102337,4207001952,2010978969,476834935.7,226944838.2,144576.32,69914.692,213369.149,234987396.5,32819521.56,4606426.313,236083998,--,0.606,0.616,0.895,985.613,0.069,0.01,990.213,--,0.095,0.092,0.14,154.36,21.559,3.026,155.081,--,0.813,0.826,1.2,1321.513,0.092,0.013,--,1.346,3.648,0.566,0.812,1.315,3.906,0.567,0.791,3.724,10.213,0.007,1.204,2254.9,2274.302,897.001,1329.858,506.639,113.214,32.536,184.512,73.673,19.04,3.255,25.835,2272.211,2278.554,897.892,1336.014,--,--,0.125,0.261,0.075,0.095,0.121,0.269,0.073,0.091,0.345,0.73,0.001,0.141,209.143,162.483,118.694,155.318,46.991,8.088,4.305,21.55,6.833,1.36,0.431,3.017,210.749,162.787,118.812,156.037,--,--,0.858,0.823,1.168,1298.884,0.085,0.012,1304.509,--,111722643.2,129312.922,239212716.9,41185739,1126378,1590081.873,75683313.19,3205647,0,2528334.96,450770.5,395229517.5,81605420.06,80479042.06,355633860.4,121201077.2,23.43004558,0.027119012,50.1667764,8.637315715,0.236219688,0.333465891,15.87201508,0.672276032,0,0.530232741,0.094533866,82.88602331,17.11397669,16.877757,74.58217349,25.41782651,50351990.96,154931.8876,125688896.7,0,0,405280.2982,0,0,0,2060400.783,0,28.18289938,0.086718116,70.35029722,0,0,0.226842547,0,0,0,1.153242739,0
UT,49,11494.5,336196399,148638848.1,378288609,168786789.1,39375424,17728816,32131.486,13762.375,14632.501,31461115.76,6564544.793,948140.715,31684411.55,--,1.632,1.553,0.743,1598.008,0.167,0.024,1609.35,--,0.191,0.185,0.087,187.159,39.052,5.64,188.488,--,1.837,1.747,0.837,1798.583,0.188,0.027,--,2.33,26.297,0.401,1.846,2.298,26.344,0.39,1.774,1.116,2.252,0.006,0.837,2115.559,1268.425,911.782,1813.026,494.421,102.73,34.187,378.754,71.924,20.544,3.419,54.707,2132.456,1272.768,912.711,1825.91,--,--,0.226,3.386,0.052,0.191,0.226,3.381,0.049,0.185,0.108,0.29,0.001,0.087,205.298,163.326,117.718,187.653,47.98,13.228,4.414,39.202,6.98,2.645,0.441,5.662,206.938,163.885,117.838,188.986,--,--,1.545,1.475,0.413,1604.02,0.152,0.022,1614.297,--,25912474.09,36573.57,8724119.384,0,927097,79460,794555,2223706,445737,6559.302,225143,34904869.35,4470555,3543458,34984329.35,4391095,65.80874878,0.092884256,22.15625489,0,2.354506689,0.201801,2.017895713,5.647446439,1.132018276,0.016658365,0.571785584,88.64633188,11.35366812,8.999161428,88.84813288,11.15186712,8452330.154,786.998,5753680.293,0,0,4105.900404,0,0,0,0,0,59.47778229,5.54E-03,40.48778711,0,0,0.028892607,0,0,0,0,0
VA,51,35922.1,551129386.7,258561195.5,879994974.7,399406782.5,94558960.37,42822419.82,21628.607,8299.304,10934.65,34955851.17,6007125.612,824310.803,35121297.81,--,0.457,0.388,0.231,739.345,0.064,0.009,742.844,--,0.078,0.064,0.04,126.852,21.799,2.991,127.452,--,0.675,0.572,0.341,1091.154,0.094,0.013,--,1.994,3.763,0.186,0.573,1.304,3.645,0.191,0.461,0.512,11.183,0.025,0.257,1874.756,1899.748,914.802,1108.907,403.692,333.89,35.243,108.75,58.975,51.609,3.684,14.754,1888.589,1911.612,915.792,1112.464,--,--,0.194,0.361,0.024,0.07,0.133,0.357,0.024,0.056,0.05,1.073,0.003,0.031,182.333,182.209,119.315,135.285,39.262,32.024,4.597,13.267,5.736,4.95,0.48,1.8,183.679,183.347,119.444,135.719,--,--,0.862,0.805,0.529,1241.02,0.108,0.015,1247.061,--,8756142.265,946606.989,49724077.46,29251668,472884,4644509.621,0,763072,0,0,0,88678494.71,5880465.621,5407581.621,64071336.33,30487624,9.259981533,1.001075927,52.58526245,30.9348452,0.500094331,4.911760456,0,0.806980108,0,0,0,93.78116511,6.218834894,5.718740563,67.75808036,32.24191964,7944133.74,745606.106,19732569.76,0,0,1881495.337,0,0,0,0,0,26.21497121,2.460437254,65.11581564,0,0,6.208775896,0,0,0,0,0
VT,50,865.9,6503155.584,2301163.588,22408281.58,7212625.586,2175006.475,695674.584,252.007,85.177,42.001,49075.86,419860.307,55132.88,62538.653,--,0.232,0.245,0.039,45.127,0.193,0.025,57.507,--,0.078,0.074,0.013,15.093,129.125,16.956,19.233,--,1.17,1.237,0.195,227.92,0.975,0.128,--,0,14.447,0,14.447,0,7.105,0,7.105,0,8.24,0,8.24,0,3813.446,0,3813.446,0,307.667,0,307.667,0,61.534,0,61.534,0,3826.459,0,3826.459,--,--,0,0.617,0,0.617,0,0.291,0,0.291,0,0.352,0,0.352,0,162.837,0,162.837,0,13.138,0,13.138,0,2.628,0,2.628,0,163.392,0,163.392,--,--,1.288,1.218,0.151,388.933,0.971,0.128,451.254,--,0,3131.61,1796.633,0,1268189,426008.232,373346,102831,0,0,-296,4632.243,2170374.232,902185.232,430640.475,1744366,0,0.143962048,0.08259233,0,58.29943259,19.58386187,17.1629465,4.727204662,0,0,0,0.212947075,99.77344562,41.47401303,19.79680895,80.18958375,0,2199,0,0,0,145226.4148,0,0,0,0,0,0,1.491601704,0,0,0,98.5083983,0,0,0,0,0
WA,53,34271.2,162233129,81461937.97,1073274621,468809586,116746864.3,51485445.5,9525.024,4178.348,2838.466,11593795.37,2446278.082,354268.449,11677159.84,--,0.163,0.162,0.049,198.614,0.021,0.003,200.042,--,0.117,0.103,0.035,142.928,30.158,4.367,143.955,--,1.045,1.04,0.311,1272.294,0.134,0.019,--,2.308,38.307,0.312,0.973,2.272,38.075,0.276,0.813,0.568,1.844,0.007,0.193,2484.322,1859.532,862.758,1398.896,540.463,113.332,33.125,200.86,78.616,19.654,3.317,28.212,2502.791,1863.873,863.667,1405.611,--,--,0.195,2.919,0.043,0.111,0.193,2.92,0.038,0.096,0.048,0.141,0.001,0.022,209.76,141.712,118.688,159.297,45.633,8.637,4.557,22.873,6.638,1.498,0.456,3.213,211.319,142.042,118.813,160.062,--,--,1.108,0.924,0.314,1.38E+03,0.124,0.018,1384.833,--,5382866.083,23515.051,10525354.7,9708441,80911613.83,1863588.353,7900094,1695,0,430840.01,-1144,26069872.85,90676991.18,9765377.353,18225020.2,98521843.83,4.610670601,0.020141715,9.015446928,8.315723038,69.30449195,1.596248522,6.766791257,1.45E-03,0,0.369034142,0,22.33003654,77.66898358,8.364491624,15.61056202,84.38845809,4080336.919,410,7208657.412,0,0,869026.384,0,0,0,0,0,33.55973328,3.37E-03,59.28937361,0,0,7.147520962,0,0,0,0,0
WI,55,23499.3,504867318.7,224469451.4,647832401.7,283404634.4,65802102.2,28237748.17,18137.929,7826.502,13210.893,45629356.27,9079267.428,1311274.454,45938227.01,--,0.551,0.554,0.402,1386.866,0.138,0.02,1396.254,--,0.072,0.07,0.052,180.758,35.967,5.195,181.981,--,0.703,0.707,0.512,1768.321,0.176,0.025,--,0.816,0.782,0.233,0.626,0.81,0.66,0.273,0.628,0.638,2.511,0.104,0.47,2255.197,1773.067,904.221,1814.148,495.912,395.277,36.464,346.103,72.2,59.015,3.84,49.915,2272.153,1786.801,905.249,1825.912,--,--,0.075,0.077,0.031,0.064,0.075,0.066,0.032,0.063,0.059,0.246,0.014,0.048,208.425,173.804,118.796,185.605,45.832,38.747,4.791,35.41,6.673,5.785,0.505,5.107,209.992,175.15,118.931,186.809,--,--,0.696,0.721,0.535,1676.438,0.162,0.023,1687.389,--,33322379.57,137511.329,16667862.37,10129122,2392009.55,1448335.346,1637658,35772.91,0,8229.661,23220.83,60288325.76,5513775.806,3121766.256,51607539.1,14194562.46,50.64029685,0.208977108,25.33028881,15.39331079,3.63515677,2.201047249,2.488762458,0.054364388,0,0.012506684,0.035288888,91.62066914,8.379330865,4.744174095,78.42840559,21.57159441,15039725.74,147162.998,10675343.25,0,0,781765.5393,0,0,0,0,0,56.44695667,0.552330775,40.06659751,0,0,2.934115043,0,0,0,0,0
WV,54,20674.5,642885253.4,304190645.8,675870780.4,316056785.8,67249024.77,31082955.07,40103.865,16322.236,51424.637,65429380.98,15329632.48,2228919.082,65953110.33,--,1.193,1.05,1.529,1945.883,0.228,0.033,1961.459,--,0.125,0.107,0.16,203.549,47.69,6.934,205.178,--,1.261,1.11,1.616,2056.512,0.241,0.035,--,1.271,0,0.611,1.26,1.106,0,0.62,1.096,1.642,0,0.007,1.616,2068.662,0,1279.158,2056.139,488.715,0,48.894,481.739,71.091,0,5.085,70.044,2085.363,0,1280.527,2072.597,--,--,0.126,0,0.057,0.125,0.108,0,0.056,0.107,0.163,0,0.001,0.16,204.996,0,119.165,203.549,48.43,0,4.555,47.69,7.045,0,0.474,6.934,206.651,0,119.293,205.178,--,--,1.149,1.04,1.533,2061.093,0.237,0.034,2077.299,--,62038836.15,158884.967,1420390.437,0,1847643,0,1769984,0,0,24844.928,-11558,63631398.48,3617627,1769984,63631398.48,3617627,92.23654173,0.236222998,2.111772398,0,2.746992227,0,2.63153233,0,0,0.036938318,0,94.60429153,5.378524557,2.63153233,94.60429153,5.378524557,23843173.76,0,973953.6753,0,0,0,0,0,0,0,0,96.0754778,0,3.924522199,0,0,0,0,0,0,0,0
WY,56,14146.4,454404605.7,189584376.9,500301734.7,207525575.9,46112136.17,19047932.28,36122.768,15072.544,31137.698,47228022.41,10366285.14,1507079.882,47582155.88,--,1.567,1.583,1.351,2048.399,0.225,0.033,2063.758,--,0.159,0.159,0.137,207.868,45.626,6.633,209.426,--,1.759,1.777,1.516,2299.406,0.252,0.037,--,1.701,33.584,3.789,1.762,1.716,33.757,3.103,1.768,1.557,3.046,0.009,1.515,2346.854,1714.508,983.198,2304.338,518.997,138.853,36.558,505.8,75.49,27.766,3.656,73.535,2364.59,1720.386,984.2,2321.617,--,--,0.152,3.199,0.457,0.159,0.153,3.203,0.358,0.159,0.139,0.29,0.001,0.137,209.551,163.326,118.494,208.084,46.341,13.227,4.406,45.674,6.74,2.645,0.441,6.64,211.135,163.886,118.614,209.645,--,--,1.753,1.75,1.608,2.26E+03,0.252,0.037,2282.141,--,39679287.04,40135.689,896122.29,0,975701.71,0,4057158,824,0,377640.81,85266.439,41078452.27,5033683.71,4057982,41078452.27,5033683.71,86.04955333,0.087039319,1.943354544,0,2.115932583,0,8.798460349,1.79E-03,0,0.818961868,0.184911059,89.08382012,10.91617988,8.800247297,89.08382012,10.91617988,10943656.95,197,222812.533,0,0,0,0,0,0,194766.2543,0,96.32286,1.73E-03,1.961130591,0,0,0,0,0,0,1.714275468,0
