SUBRGN,SRNAME,SRNAMEPCAP,SRHTIAN,SRHTIOZ,SRHTIANT,SRHTIOZT,SRNGENAN,SRNGENOZ,SRNOXAN,SRNOXOZ,SRSO2AN,SRCO2AN,SRCH4AN,SRN2OAN,SRCO2EQA,SRHGAN,SRNOXRTA,SRNOXRTO,SRSO2RTA,SRCO2RTA,SRCH4RTA,SRN2ORTA,SRC2ERTA,SRHGRTA,SRNOXRA,SRNOXRO,SRSO2RA,SRCO2RA,SRCH4RA,SRN2ORA,SRC2ERA,SRHGRA,SRNOXCRT,SRNOXCRO,SRSO2CRT,SRCO2CRT,SRCH4CRT,SRN2OCRT,SRHGCRT,SRCNOXRT,SRONOXRT,SRGNOXRT,SRFSNXRT,SRCNXORT,SRONXORT,SRGNXORT,SRFSNORT,SRCSO2RT,SROSO2RT,SRGSO2RT,SRFSS2RT,SRCCO2RT,SROCO2RT,SRGCO2RT,SRFSC2RT,SRCCH4RT,SROCH4RT,SRGCH4RT,SRFCH4RT,SRCN2ORT,SRON2ORT,SRGN2ORT,SRFN2ORT,SRCC2ERT,SROC2ERT,SRGC2ERT,SRFSC2ERT,SRCHGRT,SRFSHGRT,SRCNOXR,SRONOXR,SRGNOXR,SRFSNXR,SRCNXOR,SRONXOR,SRGNXOR,SRFSNOR,SRCSO2R,SROSO2R,SRGSO2R,SRFSS2R,SRCCO2R,SROCO2R,SRGCO2R,SRFSC2R,SRCCH4R,SROCH4R,SRGCH4R,SRFCH4R,SRCN2OR,SRON2OR,SRGN2OR,SRFN2OR,SRCC2ER,SROC2ER,SRGC2ER,SRFSC2ER,SRCHGR,SRFSHGR,SRNBNOX,SRNBNXO,SRNBSO2,SRNBCO2,SRNBCH4,SRNBN2O,SRNBC2E,SRNBHG,SRGENACL,SRGENAOL,SRGENAGS,SRGENANC,SRGENAHY,SRGENABM,SRGENAWI,SRGENASO,SRGENAGT,SRGENAOF,SRGENAOP,SRGENATN,SRGENATR,SRGENATH,SRGENACY,SRGENACN,SRCLPR,SROLPR,SRGSPR,SRNCPR,SRHYPR,SRBMPR,SRWIPR,SRSOPR,SRGTPR,SROFPR,SROPPR,SRTNPR,SRTRPR,SRTHPR,SRCYPR,SRCNPR,SRNBGNCL,SRNBGNOL,SRNBGNGS,SRNBGNNC,SRNBGNHY,SRNBGNBM,SRNBGNWI,SRNBGNSO,SRNBGNGT,SRNBGNOF,SRNBGNOP,SRNBCLPR,SRNBOLPR,SRNBGSPR,SRNBNCPR,SRNBHYPR,SRNBBMPR,SRNBWIPR,SRNBSOPR,SRNBGTPR,SRNBOFPR,SRNBOPPR
AKGD,ASCC Alaska Grid,2416.8,34759387.57,13902016.36,41636793.57,16770844.36,4641059.582,1882505.501,12692.779,5100.916,2551.521,2412504.715,380248.677,51484.524,2424929.017,--,5.47,5.419,1.1,1039.635,0.082,0.011,1044.989,--,0.73,0.734,0.147,138.812,0.010939453,0.001481169,139.5265675,--,6.531,6.471,1.313,1241.386,0.098,0.013,--,2.484,8.13,7.328,6.6,2.538,8.46,7.268,6.576,5.954,3.22,0.027,1.323,2179.98,1647.554,993.528,1254.378,0.246,0.454,0.019,0.099,0.036,0.062,0.002,0.013,2196.84,1677.425,994.556,1260.838,--,--,0.241,0.828,0.862,0.739,0.247,0.805,0.87,0.743,0.579,0.328,0.003,0.148,211.84,167.825,116.89,140.539,0.024,0.046,0.002,0.011,0.003,0.006,0,0.001,213.478,170.867,117.011,141.262,--,--,6.454,6.4,1.128,1262.461,0.11,0.015,1269.632,--,628564.073,384703.661,2833268.704,0,632426,42684.134,121841,0,0,0,-2428,3844108.438,796951.134,164525.134,3886792.572,754267,13.5435468,8.2891343,61.0478849,0,13.6267589,0.9197067,2.6252841,0,0,0,0,82.8282503,17.1717497,3.5449908,83.7479569,16.2520431,410985.697,353238.822,1949258.053,0,0,26747.643,0,0,0,0,0,14.9982178,12.8908447,71.1348281,0,0,0.9761093,0,0,0,0,0
AKMS,ASCC Miscellaneous,1054.4,5627318.886,2400295.385,15337746.88,6512060.386,1603240.567,681597.649,6181.986,2673.197,542.85,420916.912,39230.179,6823.814,422424.041,--,7.712,7.844,0.677,525.083,0.024,0.004,526.963,--,2.197,2.227,0.193,149.598,0.00697138,0.001212623,150.1333227,--,22.97,23.363,2.017,1563.969,0.073,0.013,--,0,27.11,4.622,22.616,0,27.19,4.622,22.86,0,2.47,0.045,1.986,0,1516.587,1641.512,1541.548,0,0.082,0.031,0.072,0,0.015,0.003,0.012,0,1523.063,1643.209,1547.068,--,--,0,2.892,0.329,2.194,0,2.898,0.329,2.225,0,0.264,0.003,0.193,0,161.78,116.889,149.559,0,0.009,0.002,0.007,0,0.002,0,0.001,0,162.471,117.01,150.095,--,--,22.781,23.018,1.991,1528.313,0.068,0.012,1533.597,--,0,421516.458,114633.351,0,1031799,2789.771,33174,0,0,0,-672,535477.809,1067762.771,35963.771,538267.58,1064973,0,26.2915287,7.1501029,0,64.3570911,0.1740083,2.0691842,0,0,0,0,33.3997165,66.6002835,2.2431924,33.5737248,66.4262752,0,4.17E+05,96305.17,0,0,0,0,0,0,0,0,0,8.12E+01,18.7645497,0,0,0,0,0,0,0,0
AZNM,WECC Southwest,64434.5,1057438497,528004505.2,1577331950,762617132.2,165353382.8,80475865.05,60358.628,28914.845,21783.132,84524899.54,12811500.21,1806927.805,84954275.53,--,0.73,0.719,0.263,1022.355,0.077,0.011,1027.548,--,0.114,0.11,0.041,159.867,0.012115598,0.001708778,160.6793695,--,1.07,1.053,0.386,1498.345,0.114,0.016,--,1.903,24.496,0.533,1.066,1.922,24.566,0.54,1.017,0.91,14.057,0.011,0.36,2333.004,4544.156,971.227,1500.588,0.252,0.184,0.018,0.109,0.037,0.037,0.002,0.015,2350.208,4559.73,972.248,1507.899,--,--,0.169,0.88,0.066,0.114,0.168,0.881,0.066,0.11,0.081,0.505,0.001,0.039,207.199,163.326,119.916,160.872,0.022,0.007,0.002,0.012,0.003,0.001,0,0.002,208.727,163.885,120.042,161.656,--,--,0.996,0.944,0.286,1435.307,0.097,0.014,1441.78,--,44146154.5,70820.771,67964666.24,31097259,5568462,620358.335,2929036,7239754.69,5694516,0,22356,143301256.5,22052127.03,16483665.03,112824355.8,52529027.69,26.6980654,0.0428299,41.1026765,18.8065453,3.367613,0.3751712,1.7713795,4.3783529,3.4438461,0,0.0135201,86.6636373,13.3363627,9.9687498,68.2322632,31.7677368,22767322.61,141,46256721.04,0,0,112879.218,0,0,0,0,0,32.9307051,2.04E-04,66.9058222,0,0,0.1632687,0,0,0,0,0
CAMX,WECC California,111737.7,832463622.5,373684298.8,1708655395,821978880.7,200103501.5,95731402.73,46341.874,19828.177,4716.275,49679323.58,6796556.203,874327.939,49894407.82,--,0.463,0.414,0.047,496.536,0.034,0.004,498.686,--,0.111,0.106,0.011,119.355,0.008164388,0.00105029,119.8716832,--,0.866,0.774,0.088,928.353,0.064,0.008,--,2.282,8.403,0.618,0.758,2.226,8.682,0.599,0.733,0.565,0.585,0.008,0.057,1973.587,1934.695,857.336,954.093,0.234,0.017,0.016,0.035,0.034,0.003,0.002,0.004,1989.569,1936.094,858.232,956.303,--,--,0.237,0.854,0.085,0.101,0.234,0.865,0.081,0.097,0.059,0.059,0.001,0.008,205.216,196.675,117.593,127.572,0.024,0.002,0.002,0.005,0.004,0,0,0.001,206.878,196.818,117.716,127.867,--,--,0.759,0.708,0.049,929.525,0.047,0.006,932.45,--,8763279.09,84863.137,90399561.43,18213519,21995545.56,5658482.077,14615416.8,29861014,8391185,1453960.386,666675.11,119581858.1,80521643.44,58526097.88,107026821.2,93076680.36,4.3793732,0.0424096,45.1764016,9.1020491,10.9920843,2.8277776,7.3039286,14.9227843,4.1934224,0.7266042,0.3331651,59.7600028,40.2399972,29.2479129,53.4857313,46.5142687,3080005.376,98031.215,53071994.78,0,0,1776577.784,0,0,0,462649.327,0,5.2659334,0.1676055,90.7380195,0,0,3.0374428,0,0,0,0.7909988,0
ERCT,ERCOT All,168673.1,2476415349,1258501083,3585572537,1723412165,411784692.4,197318460,112196.542,54624.4,170752.345,191824106,27186085.35,3812852.039,192732047,--,0.545,0.554,0.829,931.672,0.066,0.009,936.082,--,0.091,0.087,0.138,154.921,0.010977999,0.001539666,155.6540562,--,0.757,0.769,1.152,1294.287,0.092,0.013,--,1.254,3.648,0.527,0.755,1.222,3.906,0.525,0.731,3.576,10.213,0.007,1.159,2242.21,2274.302,860.976,1301.2,0.252,0.057,0.016,0.092,0.037,0.01,0.002,0.013,2259.46,2278.554,861.84,1307.324,--,--,0.117,0.261,0.073,0.09,0.113,0.269,0.07,0.087,0.333,0.73,0.001,0.139,208.65,162.483,118.593,155.85,0.023,0.004,0.002,0.011,0.003,0.001,0,0.002,210.256,162.787,118.712,156.584,--,--,0.797,0.761,1.091,1260.972,0.083,0.012,1266.475,--,93161470.51,114455.008,199909497.2,41185739,922405,984441.299,70088919.19,3170904,0,1796091.837,450770.5,336618024.1,75166669.49,74244264.49,296416726.4,115367967.2,22.6238304,0.0277949,48.5470928,10.0017654,0.2240018,0.239067,17.0207684,0.7700393,0,0.4361726,0.1094675,81.7461235,18.2538765,18.0298747,71.9834251,28.0165749,40899529.94,154931.888,103990265.1,0,0,275093.49,0,0,0,1989181.433,0,27.7644471,0.1051748,70.5932861,0,0,0.1867459,0,0,0,1.3503461,0
FRCC,FRCC All,102499,1633195751,782317094.4,1973615891,920494585.4,233469406.3,108758687.5,41583.876,19845.812,32447.658,108778338.5,15492099.59,2071562.457,109280652.5,--,0.356,0.365,0.278,931.842,0.066,0.009,936.145,--,0.051,0.051,0.04,133.209,0.009485758,0.00126841,133.8243164,--,0.412,0.422,0.322,1078.311,0.077,0.01,--,0.807,2.337,0.207,0.327,0.852,2.835,0.218,0.337,1.425,0.996,0.032,0.309,1993.017,1154.467,870.979,1093.476,0.186,0.068,0.017,0.051,0.027,0.012,0.002,0.007,2005.708,1159.861,871.955,1096.776,--,--,0.076,0.269,0.028,0.041,0.077,0.194,0.029,0.042,0.135,0.115,0.004,0.039,188.688,132.758,119.396,137.666,0.018,0.008,0.002,0.006,0.003,0.001,0,0.001,189.889,133.378,119.53,138.081,--,--,0.415,0.425,0.37,1123.915,0.068,0.009,1128.326,--,27123675.8,2067367.701,164932332.3,29312349,232574,6147734.047,0,2167578.98,0,28548.926,1457245.097,224921518.8,8547887.027,8315313.027,201756903.9,31712501.98,11.6176574,0.8854983,70.6440879,12.5551135,0.0996165,2.6332076,0,0.928421,0,0.0122281,0.6241696,96.338755,3.661245,3.5616286,86.416849,13.583151,29444118.95,59020,105066091,0,0,2276502.357,0,0,0,0,0,21.5162859,0.0431289,76.7770315,0,0,1.6635538,0,0,0,0,0
HIMS,HICC Miscellaneous,1264.6,21094369.65,8810966.304,27359950.65,11340952.31,2743590.994,1179549.062,10478.382,4471.447,5444.055,1523638.463,323076.982,50150.954,1535144.767,--,7.638,7.582,3.969,1110.689,0.118,0.018,1119.077,--,0.993,1.015,0.516,144.459,0.015315792,0.002377457,145.5501911,--,10.191,10.115,5.295,1481.832,0.157,0.024,--,0,11.373,0,11.373,0,11.054,0,11.054,0,5.472,0,5.472,0,1679.396,0,1679.396,0,0.147,0,0.147,0,0.024,0,0.024,0,1690.068,0,1690.068,--,--,0,1.112,0,1.112,0,1.094,0,1.094,0,0.535,0,0.535,0,164.164,0,164.164,0,0.014,0,0.014,0,0.002,0,0.002,0,165.207,0,165.207,--,--,11.84,11.499,5.036,1535.745,0.139,0.022,1545.834,--,0,1816343.965,0,0,96520,50976,401290,79266,110089,0,189106.03,2005449.995,738141,641621,2056425.995,687165,0,66.2031611,0,0,3.5180171,1.8580029,14.6264513,2.8891333,4.0125879,0,6.8926465,73.0958076,26.9041924,23.3861753,74.9538105,25.0461895,0,1259299.203,0,0,0,19968.255,0,0,0,0,0,0,98.4390867,0,0,0,1.5609133,0,0,0,0,0
HIOA,HICC Oahu,2354.1,71331045.43,30581066.3,74120739.43,31735598.3,7053182.004,3047404.004,12396.721,5749.332,28201.915,5889206.11,1266551.327,193230.873,5933829.399,--,3.515,3.773,7.997,1669.943,0.18,0.027,1682.596,--,0.348,0.376,0.791,165.123,0.017755962,0.002708931,166.3743848,--,3.675,3.944,8.36,1745.667,0.188,0.029,--,0.986,4.121,0,3.459,2.361,4.127,0,3.768,10.58,8.371,0,8.837,2338.064,1593.114,0,1750.39,0.271,0.076,0,0.117,0.039,0.014,0,0.02,2356.536,1599.265,0,1759.142,--,--,0.09,0.422,0,0.345,0.217,0.424,0,0.378,0.966,0.857,0,0.882,213.378,163.1,0,174.709,0.025,0.008,0,0.012,0.004,0.001,0,0.002,215.063,163.73,0,175.582,--,--,4.185,4.24,8.373,1682.054,0.159,0.025,1693.555,--,1311203,4932603.216,0,0,0,447891.981,200644,105310.12,0,55721.626,-192,6299335.842,753846.101,753846.101,6747227.823,305954.12,18.5902336,69.9344389,0,0,0,6.3502116,2.8447302,1.4930867,0,0.7900211,0,89.3119714,10.6880286,10.6880286,95.6621831,4.3378169,119342.832,2983408.103,0,0,0,293581.397,0,0,0,0,0,3.5138738,87.8420546,0,0,0,8.6440716,0,0,0,0,0
MROE,MRO East,11488.6,220508199,105433441.4,238960852,112090353.4,24091645.63,10661310.29,10597.475,4729.708,10734.46,20213077.5,4076849.105,598607.321,20353230.61,--,0.88,0.887,0.891,1678.016,0.169,0.025,1689.651,--,0.096,0.09,0.097,183.332,0.018488424,0.002714671,184.6029372,--,0.96,0.969,0.973,1831.9,0.185,0.027,--,0.888,0.899,0.766,0.859,0.865,0.751,0.864,0.864,1.04,2.583,0.325,0.88,2218.238,1786.522,1050.506,1935.896,0.242,0.197,0.024,0.19,0.035,0.029,0.003,0.027,2234.801,1800.234,1051.885,1948.808,--,--,0.083,0.087,0.087,0.084,0.08,0.074,0.08,0.08,0.097,0.251,0.037,0.086,207.687,173.647,118.729,189.06,0.023,0.019,0.003,0.019,0.003,0.003,0,0.003,209.237,174.98,118.885,190.321,--,--,0.937,0.972,0.961,1634.315,0.149,0.022,1644.495,--,15443667.62,119385.402,5440443.918,0,1276036.55,1024258.778,739690,8034.91,0,16906.972,23220.83,21043624.74,3048020.238,1771983.688,22067883.52,2023761.46,64.103832,0.4955469,22.582285,0,5.2965937,4.2515103,3.0703175,0.0333514,0,0.0701777,0.0963854,87.348227,12.651773,7.3551793,91.5997373,8.4002627,6874357.405,147861,4690812.085,0,0,704791.797,0,0,0,0,0,55.3588,1.190716,37.7748367,0,0,5.6756473,0,0,0,0,0
MROW,MRO West,81925.3,1480023485,656634723,2353900535,985529248,236704124.2,99191790.83,115575.642,50030.243,159939.064,146738517.7,32693599.04,4728626.932,147845555.3,--,0.977,1.009,1.351,1239.848,0.138,0.02,1249.201,--,0.156,0.152,0.216,198.292,0.022089919,0.003194967,199.7881206,--,1.595,1.647,2.207,2024.841,0.226,0.033,--,1.717,3.857,0.507,1.565,1.697,3.276,0.542,1.513,2.563,0.824,0.011,2.234,2218.292,1084.452,978.243,2057.771,0.249,0.045,0.018,0.219,0.036,0.008,0.002,0.032,2235.313,1087.848,979.25,2072.72,--,--,0.163,0.535,0.061,0.153,0.162,0.607,0.065,0.149,0.244,0.114,0.001,0.219,211.238,150.433,118.137,201.507,0.024,0.006,0.002,0.021,0.003,0.001,0,0.003,212.858,150.904,118.259,202.971,--,--,1.499,1.4,1.759,1764.291,0.192,0.027,1777.037,--,122647114.3,237245.713,19018032.01,25128868,14211593.37,2516887.96,51315894,1109404.84,0,63906.217,455138.837,167550305.1,69153780.17,54942186.8,144938325.1,91765760.21,51.8145321,0.1002288,8.0345179,10.6161531,6.0039493,1.0633057,21.6793445,0.4686885,0,0.0269984,0.1922818,70.784712,29.215288,23.2113386,61.2318646,38.7681354,31299411.07,220478.228,14320792.01,0,0,1392285.113,0,0,0,0,0,66.2660287,0.4667889,30.3194847,0,0,2.9476978,0,0,0,0,0
NEWE,NPCC New England,45439.9,519453891.4,239450214.5,959949128.4,422632020.5,105482005.6,47130649.49,20390.308,8252.448,7179.76,27547279.64,8618105.022,1136959.179,27824278.65,--,0.387,0.35,0.136,522.312,0.082,0.011,527.564,--,0.079,0.069,0.028,106.062,0.016590703,0.002188759,107.1289641,--,0.655,0.594,0.231,885.3,0.138,0.018,--,2.587,3.795,0.234,0.318,3.008,4.688,0.224,0.264,1.769,4.628,0.028,0.116,2531.361,1942.449,863.699,905.028,0.281,0.066,0.017,0.022,0.041,0.013,0.002,0.003,2550.61,1947.869,864.622,906.311,--,--,0.211,0.305,0.032,0.043,0.227,0.329,0.031,0.036,0.144,0.372,0.004,0.016,206.721,155.92,118.758,121.95,0.023,0.005,0.002,0.003,0.003,0.001,0,0,208.293,156.355,118.885,122.123,--,--,0.501,0.378,0.266,930.972,0.086,0.011,936.513,--,1036895.611,1245692.21,51610789.6,31384751,7112471.69,8074844.781,3552013.84,1200139.02,0,160478.91,103928,85542535.33,19939469.33,12826997.64,62232629.11,43249375.55,0.9830071,1.1809523,48.9285255,29.7536543,6.7428295,7.6551871,3.3674121,1.1377666,0,0.1521387,0.0985268,81.0968047,18.9031953,12.1603658,58.9983375,41.0016625,882618,687789.516,29998255.77,0,0,2629213.58,0,0,0,0,0,2.5809146,2.0112053,87.7196438,0,0,7.6882363,0,0,0,0,0
NWPP,WECC Northwest,92607.4,1097798064,481382332.1,2756862106,1191928192,294782038.6,127196814.5,85516.231,36706.094,55535.808,94188334.18,18781549.51,2703890.228,94825948.73,--,0.58,0.577,0.377,639.037,0.064,0.009,643.363,--,0.156,0.153,0.101,171.595,0.017108383,0.002463012,172.7566332,--,1.494,1.486,0.97,1645.046,0.164,0.024,--,2.13,0.836,0.503,1.462,2.182,0.794,0.542,1.443,1.575,13.441,0.015,0.961,2285.364,1760.989,916.572,1700.922,0.262,0.051,0.017,0.157,0.038,0.01,0.002,0.022,2303.237,1765.323,917.491,1711.547,--,--,0.194,0.105,0.064,0.152,0.197,0.099,0.067,0.149,0.144,1.696,0.002,0.1,208.46,222.231,116.859,176.934,0.024,0.006,0.002,0.016,0.003,0.001,0,0.002,210.091,222.778,116.976,178.039,--,--,1.441,1.435,0.783,1575.09,0.148,0.021,1585.176,--,62858367.76,521322.665,46303050.39,9708441,140486961.4,3628596.478,24403614,3900194,1771344,827454.757,372692.439,120591329,174190709.8,33703748.48,114511484.5,180270554.4,21.3236763,0.1768502,15.7075548,3.2934303,47.6579109,1.2309422,8.2785281,1.3230772,0.6008996,0.2807005,0.1264298,40.908642,59.091358,11.4334471,38.8461539,61.1538461,25742317.62,43390.194,24800249.48,0,0,1830652.824,0,0,0,194766.254,0,48.9291849,0.082473,47.1385681,0,0,3.479576,0,0,0,0.370198,0
NYCW,NPCC NYC/Westchester,17330.7,217440402.2,111205156.2,388109497.2,184825493.2,43455636.9,20558668.47,5455.72,2562.186,565.046,12958779.13,961210.418,115904.017,12988062.96,--,0.251,0.249,0.026,596.414,0.022,0.003,597.762,--,0.05,0.046,0.005,119.194,0.00442057,0.000533038,119.4631984,--,0.402,0.399,0.042,955.307,0.035,0.004,--,0,41.387,0.297,0.329,0,12.713,0.311,0.319,0,1.958,0.031,0.032,0,3673.333,940.601,942.722,0,0.056,0.017,0.017,0,0.008,0.002,0.002,0,3677.245,941.557,943.68,--,--,0,1.841,0.038,0.042,0,0.401,0.038,0.039,0,0.087,0.004,0.004,0,163.425,119.832,119.929,0,0.003,0.002,0.002,0,0,0,0,0,163.599,119.954,120.051,--,--,0.488,0.453,0.055,1067.585,0.022,0.002,1068.876,--,0,615291.956,26119820.4,16318960,0,394972,0,6592,0,0,0,43054072.36,401564,401564,27130084.36,16325552,0,1.4159083,60.1068644,37.5531493,0,0.9089086,0,0.0151695,0,0,0,99.0759219,0.9240781,0.9240781,62.4316812,37.5683188,0,20746.002,14103612.17,0,0,29461.605,0,0,0,0,0,0,0.1465753,99.6452717,0,0,0.208153,0,0,0,0,0
NYLI,NPCC Long Island,6322.3,106245574.1,54915311.85,107487343.1,55589513.85,10573426.17,5253727.701,4545.323,2175.184,1235.422,6260744.669,1473213.793,190397.165,6307529.019,--,0.86,0.828,0.234,1184.241,0.139,0.018,1193.091,--,0.086,0.079,0.023,117.854,0.013866119,0.001792048,118.7349039,--,0.871,0.839,0.237,1199.694,0.141,0.018,--,0,1.009,0.528,0.671,0,0.832,0.568,0.657,0,0.578,0.099,0.241,0,1368.555,1038.751,1136.368,0,0.031,0.021,0.024,0,0.004,0.002,0.003,0,1370.537,1039.944,1137.794,--,--,0,0.092,0.061,0.072,0,0.073,0.062,0.066,0,0.053,0.011,0.026,0,124.944,120.153,121.818,0,0.003,0.002,0.003,0,0,0,0,0,125.125,120.29,121.971,--,--,0.972,0.889,0.371,1320.28,0.04,0.005,1322.796,--,0,580552.94,8908363.96,0,0,948320.282,0,136189,0,0,0,9488916.9,1084509.282,1084509.282,1.04E+07,136189,0,5.4906795,84.2523871,0,0,8.9689025,0,1.2880309,0,0.00E+00,0,89.7430666,10.2569334,10.2569334,98.7119691,1.2880309,0,2807792,3266071.331,0,0,44999.319,0,0,0,0,0,0,45.8874821,53.3770983,0,0,0.7354197,0,0,0,0,0
NYUP,NPCC Upstate NY,30838.4,190939251.5,91854950.19,778770788.5,329713790.2,84997203.74,36250641.85,5773.208,2468.416,3916.441,10756913.35,1498747.956,192395.121,10789935.38,--,0.136,0.136,0.092,253.112,0.018,0.002,253.889,--,0.06,0.054,0.041,112.674,0.007849344,0.001007625,113.0195629,--,0.464,0.466,0.315,865.469,0.06,0.008,--,1.691,2.17,0.256,0.363,1.608,1.72,0.248,0.318,6.669,2.436,0.043,0.319,2043.674,1183.795,847.601,894.104,0.247,0.049,0.019,0.027,0.036,0.011,0.002,0.003,2060.568,1188.158,848.681,895.761,--,--,0.17,0.236,0.036,0.05,0.157,0.175,0.034,0.043,0.67,0.265,0.006,0.044,205.204,128.931,119.031,122.924,0.025,0.005,0.003,0.004,0.004,0.001,0,0,206.901,129.406,119.183,123.152,--,--,0.5,0.456,0.46,931.489,0.043,0.005,933.969,--,690385.625,480651.438,22015366.73,26600051,29413127,1684140.146,3980870,145164,0,275.93,-12828,49773902.72,35223301.15,5810174.146,24857991.86,6.01E+07,0.8122451,0.5654909,25.9012835,31.2952071,34.6048172,1.9814065,4.6835305,0.1707868,0,3.25E-04,0.00E+00,58.559459,41.440541,6.8357239,29.2456584,70.7543416,688346,649657.76,14289145.6,0,0,437976.549,0,0,0,0,0,4.2847221,4.0439008,88.9451205,0,0,2.7262566,0,0,0,0,0
RFCE,RFC East,98983.5,1446275545,661110549,2758283710,1217232088,297325701,133177734,49542.793,19145.827,71358.326,106437584.6,18066011.57,2489194.043,107034190.6,--,0.333,0.288,0.48,715.966,0.061,0.008,719.979,--,0.069,0.058,0.099,147.189,0.012491404,0.001721106,148.0135523,--,0.579,0.499,0.834,1243.413,0.106,0.015,--,1.165,1.599,0.187,0.509,0.969,1.268,0.173,0.415,2.8,0.345,0.006,0.832,2189.848,1227.215,849.551,1248.735,0.245,0.028,0.016,0.083,0.036,0.004,0.002,0.012,2206.571,1229.03,850.449,1254.276,--,--,0.109,0.164,0.026,0.062,0.09,0.131,0.025,0.051,0.261,0.035,0.001,0.101,204.288,125.946,118.801,151.112,0.023,0.003,0.002,0.01,0.003,0,0,0.001,205.849,126.132,118.927,151.782,--,--,0.681,0.55,0.803,1242.601,0.091,0.013,1248.615,--,46225708.6,1388192.73,117883989.2,115793325,5841885,5137562.726,2953137,1530212.28,0,565125.197,1729,281858069.7,15462797.01,9620912.006,171202307.5,1.26E+08,15.5474149,0.4669005,39.648744,38.9455763,1.9648419,1.7279523,0.9932492,0.514667,0,0.1900725,5.82E-04,94.7992897,5.2007103,3.2358684,57.5816657,42.4183343,21176003.85,3804603.417,50184945.35,0,0,1490997.15,0,0,0,204956.742,0,27.5508571,4.9499465,65.2926902,0,0,1.939849,0,0,0,0.2666572,0
RFCM,RFC Michigan,34643.2,718909153.4,333058825.3,908505467.4,416952840.3,94438352.96,42659020.37,37679.469,16891.524,61217.261,61978018.63,12146091.94,1733184.122,62385251.53,--,0.798,0.792,1.296,1312.56,0.129,0.018,1321.185,--,0.105,0.101,0.17,172.422,0.016895169,0.002410853,173.5553129,--,0.989,0.981,1.606,1626.089,0.159,0.023,--,1.351,7.16,0.424,0.97,1.292,6.769,0.436,0.956,2.811,4.626,0.038,1.636,2237.08,1458.616,883.388,1660.266,0.249,0.064,0.017,0.15,0.036,0.011,0.002,0.022,2254.132,1463.528,884.308,1670.438,--,--,0.126,1.052,0.057,0.104,0.121,1.097,0.056,0.101,0.262,0.68,0.005,0.175,208.372,214.319,118.02,177.636,0.023,0.009,0.002,0.016,0.003,0.002,0,0.002,209.96,215.041,118.143,178.724,--,--,1.223,1.199,2.05,1748.862,0.171,0.024,1760.256,--,40764992.55,1204424.85,30702018.54,12867882,-149501,1854854.298,5381820,108613,0,1701769.516,1478.021,87242565.47,7195786.298,7345287.298,76229537.77,18208814,43.0974923,1.2733399,32.458733,13.6041591,0,1.9609857,5.6897581,0.1148276,0,1.7991417,1.56E-03,92.2344285,7.6075163,7.7655715,80.5912552,19.2506897,22474767.92,110131.873,14004970.04,0,0,596129.356,0,0,0,0,0,60.4387899,0.2961649,37.6619436,0,0,1.6031016,0,0,0,0,0
RFCW,RFC West,192652.6,3408013502,1516182385,5210259737,2257820050,532056236,227773872.8,219439.476,74203.693,246166.416,310214413.1,62040155.48,8958547.553,312324738.7,--,0.825,0.652,0.925,1166.096,0.117,0.017,1174.029,--,0.129,0.098,0.144,182.05,0.018204199,0.002628671,183.2884397,--,1.229,0.971,1.379,1737.584,0.174,0.025,--,1.51,1.719,0.239,1.116,1.271,1.677,0.27,0.948,1.99,5.003,0.033,1.392,2133.76,3028.016,926.486,1761.24,0.248,0.102,0.018,0.176,0.036,0.02,0.002,0.025,2150.714,3036.658,927.478,1773.206,--,--,0.146,0.118,0.031,0.117,0.121,0.115,0.033,0.097,0.192,0.344,0.004,0.145,205.905,208.263,119.042,183.988,0.024,0.007,0.002,0.018,0.003,0.001,0,0.003,207.542,208.858,119.17,185.238,--,--,1.365,1.08,1.437,1828.301,0.179,0.026,1840.479,--,236267530.7,1730122.285,111615146,150463238,4744499,3394433.154,19197342.76,587043.54,0,3793855.28,263026.546,504132918.8,27923318.45,23178819.45,357064114,174992123.3,44.4064958,0.3251766,20.978073,28.2795741,0.8917289,0.6379839,3.6081417,0.1103349,0,0.7130553,0.0494359,94.7518107,5.2481893,4.3564604,67.1102205,32.8897795,112346973.1,1154235.742,49344697.31,0,0,915321.192,0,0,0,39681.431,0,68.5875151,0.7046577,30.1248007,0,0,0.558801,0,0,0,0.0242254,0
RMPA,WECC Rockies,23700,461008225.1,206810117.5,639344482.1,280475232.5,65413619.7,28638396.08,22026.455,9872.643,13670.233,41655881.48,8037533.336,1154103.72,41928312.11,--,0.673,0.689,0.418,1273.615,0.123,0.018,1281.944,--,0.096,0.095,0.059,180.716,0.017434685,0.002503434,181.8983255,--,0.954,0.977,0.592,1804.184,0.174,0.025,--,1.276,26.652,0.361,0.952,1.313,18.203,0.354,0.953,0.917,11.622,0.006,0.594,2257.805,3891.886,1004.855,1812.973,0.258,0.158,0.018,0.173,0.038,0.032,0.002,0.025,2275.454,3905.219,1005.848,1824.707,--,--,0.118,1.118,0.043,0.095,0.121,1.11,0.041,0.095,0.085,0.488,0.001,0.059,208.458,163.326,118.808,181.498,0.024,0.007,0.002,0.017,0.003,0.001,0,0.002,210.087,163.885,118.925,182.673,--,--,0.834,0.821,0.365,1542.592,0.12,0.017,1550.683,--,29281319.81,11951.885,16659982.62,0,8148570,164427.339,10025696,1062380.23,0,0,59292,46012546.31,19401073.57,11252503.57,4.62E+07,1.92E+07,44.7633381,0.0182712,25.4686756,0,12.4569929,0.2513656,15.3266186,1.6240964,0,0.00E+00,9.06E-02,70.3409265,29.6590735,17.2020805,70.5922921,29.4077079,9309871.819,3779.001,12185541.38,0,0,40124.456,0,0,0,0,0,43.2226888,0.0175447,56.5734818,0,0,0.1862847,0,0,0,0,0
SPNO,SPP North,30309,424719247.9,203327611.5,702459315.9,312055108.5,70807115.14,31371782.04,22726.88,11296.003,11784.421,41180960.25,8752500.431,1266243.983,41479036.86,--,0.642,0.72,0.333,1163.187,0.124,0.018,1171.606,--,0.107,0.111,0.055,193.921,0.020607732,0.002981367,195.3244976,--,1.09,1.223,0.565,1974.898,0.21,0.03,--,1.059,63.346,1.188,1.092,1.082,70.907,1.277,1.131,0.698,4.125,0.011,0.565,2206.536,6203.206,1024.804,1978.513,0.256,0.231,0.02,0.21,0.037,0.045,0.002,0.03,2224.029,6222.262,1025.89,1992.834,--,--,0.1,1.641,0.138,0.107,0.103,1.582,0.147,0.111,0.066,0.107,0.001,0.056,209.135,160.662,118.925,194.346,0.024,0.006,0.002,0.021,0.004,0.001,0,0.003,210.793,161.156,119.051,195.753,--,--,1.225,1.27,0.738,1945.506,0.201,0.029,1959.167,--,33240732.54,106427.065,8274832.3,9168289,108849,76633.2,19787361,38217,0,764.085,5010,50796054.99,20011060.2,19902211.2,41704399.19,29102716,46.9454693,0.1503056,11.6864418,12.9482595,0.1537261,0.1082281,27.9454416,0.0539734,0,1.08E-03,7.08E-03,71.7386309,28.2613691,28.1076431,58.8985995,41.1014005,19689005.39,5.84E+03,6002949.582,0,0,15199.062,0,0,0,0,0,76.5722047,2.27E-02,23.3459779,0,0,0.0591104,0,0,0,0,0
SPSO,SPP South,62595.8,1143060537,576005988.5,1518962207,720138565.5,160677686.1,75155469.83,66869.941,33155.601,99741.372,93721842.78,14571652.9,2105943.998,94217774.09,--,0.832,0.882,1.242,1166.582,0.091,0.013,1172.755,--,0.117,0.115,0.175,163.984,0.012747928,0.001842373,164.8517661,--,1.119,1.186,1.669,1568.254,0.122,0.018,--,1.545,31.173,0.742,1.122,1.552,31.207,0.771,1.12,3.445,3.161,0.042,1.648,2235.38,1608.589,1025.627,1597.855,0.236,0.069,0.021,0.122,0.034,0.014,0.002,0.017,2251.541,1614.374,1026.844,1606.123,--,--,0.143,2.851,0.086,0.116,0.143,2.904,0.086,0.115,0.318,0.289,0.005,0.171,206.651,147.121,119.332,165.726,0.022,0.006,0.002,0.013,0.003,0.001,0,0.002,208.145,147.65,119.474,166.583,--,--,1.297,1.293,1.875,1603.489,0.118,0.017,1611.485,--,49714376.45,2736012.613,64250330.1,0,4509999,2314425.841,35999514,644342.55,0,414802.938,93882,117209404.1,43468281.39,38958282.39,119523829.9,41153855.55,30.940436,1.7027956,39.9870896,0,2.8068608,1.4404152,22.4048,0.4010156,0,0.2581584,0.0584288,72.9469084,27.0530916,24.2462308,74.3873237,25.6126763,31895235.69,3109.999,38703862.65,0,0,689388.193,0,0,0,71219.35,0,44.6944747,4.36E-03,54.2353355,0,0,0.9660328,0,0,0,0.099799,0
SRMV,SERC Mississippi Valley,58995.6,1068665075,518428723.1,1478455968,681738494.1,177877882.9,81576543.57,54606.844,27387.071,85416.148,76011193.77,9797909.222,1401016.159,76342419.04,--,0.614,0.671,0.96,854.645,0.055,0.008,858.369,--,0.102,0.106,0.16,142.254,0.009168363,0.001310996,142.8743595,--,0.788,0.862,1.233,1097.288,0.071,0.01,--,1.439,0.506,0.622,0.798,1.464,0.301,0.684,0.843,4.548,6.958,0.006,1.222,2216.699,927.399,848.479,1137.502,0.245,0.192,0.017,0.071,0.036,0.03,0.002,0.01,2233.429,941.242,849.389,1142.222,--,--,0.134,0.11,0.087,0.102,0.136,0.076,0.093,0.106,0.425,1.512,0.001,0.157,207.104,201.49,118.674,146.052,0.023,0.042,0.002,0.009,0.003,0.007,0,0.001,208.667,204.497,118.801,146.659,--,--,0.891,0.942,1.39,1137.619,0.069,0.01,1142.241,--,29847037.5,1724346.945,100575440.7,36792870,2348342,2874380.706,0,192915,0,2990052.27,532498.01,172462245.4,5415637.706,3067295.706,138543756.1,39334127,16.7795102,0.9693993,56.5418471,20.6843422,1.320199,1.6159292,0,0.1084536,0,1.6809579,0.2993616,96.9554182,3.0445818,1.7243828,77.8870052,22.1129948,11395341.49,3752889.782,48336337.74,0,0,1100697.906,0,0,0,1710677.765,0,17.1885951,5.6608135,72.9099464,0,0,1.6602794,0,0,0,2.5803656,0
SRMW,SERC Midwest,40774.4,1064250172,481925848.9,1324333441,581893302.9,128388555.5,57042903.67,68065.135,22554.435,159742.541,106828904.1,23771483.64,3447887.286,107639782.8,--,1.06,0.791,2.488,1664.15,0.185,0.027,1676.782,--,0.128,0.094,0.3,200.759,0.022336368,0.003239734,202.2828574,--,1.325,0.988,3.11,2079.533,0.231,0.034,--,1.462,37.855,0.317,1.326,1.054,46.491,0.332,0.955,3.526,8.681,0.078,3.114,2244.964,3348.632,904.462,2084.305,0.261,0.109,0.017,0.232,0.038,0.022,0.002,0.034,2262.795,3357.797,905.403,2100.114,--,--,0.136,1.846,0.042,0.128,0.1,1.648,0.041,0.094,0.328,0.423,0.01,0.3,208.906,163.326,119.356,201.091,0.024,0.005,0.002,0.022,0.004,0.001,0,0.003,210.566,163.773,119.481,202.617,--,--,1.079,0.891,2.654,1907.003,0.204,0.03,1920.912,--,90145682.45,69073.722,12083951.04,19001965,1246760,169907.8,5344108,52536,0,32991.43,241579.76,121575243.4,6813311.8,5566551.8,102743186.2,2.56E+07,70.2131762,0.0538005,9.4120158,14.8003574,0.9710834,0.1323387,4.1624489,0.0409195,0,0.0256966,1.88E-01,94.6932094,5.3067906,4.3357072,80.0251908,19.9748092,26515568.45,5458.824,7262019.209,0,0,180117.154,0,0,0,37116.71,0,77.986323,0.0160552,21.3587039,0,0,0.529752,0,0,0,0.1091659,0
SRSO,SERC South,88734.3,1759212651,854154494,2367735426,1109679583,262135270.8,120673788.5,64974.809,26120.898,38958.17,134728132.7,21168500.89,3100002.954,135454639.4,--,0.496,0.433,0.297,1027.928,0.081,0.012,1033.471,--,0.074,0.061,0.044,153.169,0.01203294,0.001762154,153.9946172,--,0.64,0.559,0.384,1326.895,0.104,0.015,--,1.117,2.814,0.2,0.621,0.893,1.929,0.215,0.523,0.605,1.714,0.029,0.294,2007.605,1336.972,873.364,1390.93,0.199,0.061,0.019,0.101,0.029,0.011,0.002,0.014,2021.135,1341.616,874.448,1397.691,--,--,0.107,0.417,0.027,0.071,0.084,0.324,0.028,0.058,0.058,0.254,0.004,0.033,192.758,198.022,117.919,158.474,0.019,0.009,0.003,0.011,0.003,0.002,0,0.002,194.057,198.71,118.065,159.244,--,--,0.773,0.653,0.453,1413.653,0.107,0.015,1420.928,--,69021595.59,527746.619,123866298.6,48427722,7943747,9561028.126,0,2691052,0,89915.573,6164.592,241939443,20195827.13,12252080.13,203072749.1,59062521,26.3305261,0.2013261,47.2528167,18.4743251,3.0303999,3.6473642,0,1.0265891,0,0.0343012,2.35E-03,92.2956468,7.7043532,4.6739533,77.4686859,22.5313141,43842687.36,239424.699,46045092.31,0,0,3254862.996,0,0,0,0,0,46.949793,0.2563926,49.3082811,0,0,3.4855332,0,0,0,0,0
SRTV,SERC Tennessee Valley,72620.2,1325749460,625190733.8,2173899521,995700097.8,224259818.7,102120297.3,61779.067,25719.691,69366.35,115666169.3,21735723.4,3135646.662,116405077.2,--,0.551,0.504,0.619,1031.537,0.097,0.014,1038.127,--,0.093,0.082,0.105,174.492,0.016395046,0.002365188,175.6064486,--,0.877,0.802,0.985,1641.779,0.154,0.022,--,1.292,0.516,0.178,0.877,1.152,0.421,0.148,0.784,1.532,0.02,0.041,0.974,2101.565,1399.278,909.823,1657.109,0.237,0.027,0.018,0.155,0.034,0.003,0.002,0.022,2117.717,1400.772,910.852,1667.602,--,--,0.123,0.044,0.024,0.093,0.108,0.04,0.019,0.082,0.146,0.002,0.005,0.103,199.974,119.098,119.881,175.723,0.023,0.002,0.002,0.016,0.003,0,0,0.002,201.511,119.226,120.017,176.836,--,--,0.837,0.76,0.913,1644.343,0.149,0.021,1654.439,--,79538305.16,182582.898,59426555.12,61574163,21365448,1684298.418,41009,375761,0,71744.341,-49,200793301.5,23466516.42,2101068.418,140903436.9,83356381,35.4670337,0.0814158,26.4989759,27.4566187,9.5270959,0.7510478,0.0182864,0.1675561,0,0.0319916,0,89.5360138,10.4639862,0.9368903,62.8304429,37.1695571,51209469.02,429077.008,31095624.3,0,0,670605.554,0,0,0,0,0,61.398725,0.5144514,37.2827862,0,0,0.8040374,0,0,0,0,0
SRVC,SERC Virginia/Carolina,117247.5,1650555486,785725528.3,3111391311,1416011392,328151742.1,148647046,71721.924,31653.665,43206.616,121962213.3,21824638.75,3100904.756,122648900.7,--,0.437,0.426,0.263,743.328,0.067,0.009,747.513,--,0.087,0.081,0.052,147.783,0.013222602,0.001878704,148.6153016,--,0.763,0.744,0.46,1297.767,0.116,0.016,--,1.547,4.12,0.202,0.719,1.412,3.713,0.192,0.678,0.829,11.142,0.02,0.368,2030.311,1937.097,920.524,1337.233,0.231,0.166,0.018,0.098,0.034,0.026,0.002,0.014,2046.12,1948.893,921.542,1343.793,--,--,0.152,0.38,0.026,0.083,0.139,0.357,0.024,0.077,0.081,1.027,0.003,0.042,199.516,178.499,118.93,154.442,0.023,0.015,0.002,0.011,0.003,0.002,0,0.002,201.07,179.586,119.062,155.2,--,--,0.877,0.849,0.535,1422.644,0.128,0.018,1430.869,--,62674829.87,1816720.635,113644834.7,124045086,7520186,9243990.381,1470637,7158751.03,0,343301.93,233405,302758178.1,25393564.41,17873378.41,187957082.5,140194660,19.0993439,0.5536221,34.6317938,37.8011359,2.2916794,2.8169865,0.4481576,2.1815368,0,0.1046168,0.0711272,92.2616396,7.7383604,5.4466809,57.2774903,42.7225097,47062041.45,755661.111,56534647.15,0,0,3620418.747,0,0,0,0,0,43.5869545,0.6998627,52.3600978,0,0,3.353085,0,0,0,0,0
